Id,Name,Gender,Age,Birthdate,Address
7633fd6a-2010-4741-afd7-0d88bda89f51,이지안,Male,23,2001-12-10,천안시 도봉구 43길 25
9a147801-b91a-4252-8fe3-4d7aa45fd140,정정우,Female,21,2003-06-05,김포시 성동구 45길 16
112271a7-9b8a-4985-b07a-0f0773474ce0,홍유나,Male,65,1959-05-10,제주시 마포구 46길 24
06bb4834-3814-4d3d-a82b-5ceadc70410c,강지안,Female,60,1964-10-14,시흥시 관악구 28길 22
82e3af33-aa10-40d7-a59e-0350d7d9c19c,황지우,Female,11,2013-07-30,의정부시 금천구 23길 40
a35c2fe8-3a91-4bc4-b47f-170864453048,류시우,Female,61,1963-07-27,천안시 광진구 6길 8
ed007b41-c654-42b5-89bb-3d3fc12667e7,안하윤,Male,28,1996-09-20,천안시 양천구 37길 48
31a27ea4-aea2-4dc1-942c-157a90102a1e,장지호,Female,49,1975-01-18,대구시 강서구 15길 36
f96af782-6935-4bf7-b5eb-a411cc50e27e,홍지윤,Male,47,1977-01-11,대구시 서대문구 46길 23
fdeb344d-94bc-449f-8f8a-2e4ef068c264,한수빈,Female,34,1990-02-09,대구시 광진구 4길 29
653d652f-3d77-4112-bad5-5c2570363d13,류지아,Male,66,1958-08-03,수원시 종로구 2길 13
d5a52c62-1bea-44d4-9f02-ec737dc9c5fb,송예린,Female,73,1951-07-14,광주시 종로구 33길 25
96181ad7-f3ab-4e0f-9cda-3de4c474b1f6,임준우,Male,16,2008-06-05,청주시 강북구 32길 11
9fb32a5f-e643-4215-ba11-2ac87d3794f0,임예은,Female,59,1965-01-01,고양시 광진구 32길 37
d2efafec-d1ba-4f29-b0c1-26abff33900f,전승우,Male,51,1973-09-01,수원시 종로구 44길 2
b5892012-2aa8-462d-8d2f-7be6997cb67c,한지아,Female,54,1970-01-23,수원시 구로구 42길 33
cb8528a8-0c12-4406-a142-c352a6dc0a26,최민서,Female,24,2000-07-05,창원시 성북구 46길 12
c18d745a-49cc-41d1-939f-bcda7f4d8b2b,장도윤,Male,6,2018-10-29,안산시 강남구 47길 37
6cc279fd-089e-4725-b076-d41859328da4,이서준,Male,49,1975-02-27,서울시 노원구 5길 6
1cc009f8-7ecc-4494-bfc9-f00e49787841,"정지유,",Male,4,2020-07-02,부산시 중구 47길 12
73c79cf1-da04-4f36-b213-36033017c531,한선우,Female,17,2007-12-20,부산시 도봉구 10길 50
34580aef-8a36-4125-ae1b-b53a7d496d09,홍지후,Female,61,1963-10-11,서울시 동대문구 22길 40
06f23ee7-18e7-41d4-b1c7-d06e65990174,박지안,Female,17,2007-06-28,남양주시 동작구 22길 25
c6e2671a-f60b-4b84-a670-119ee2f18f91,류지호,Male,58,1966-08-23,안양시 성북구 8길 20
f35ad585-71ee-4842-8c84-870c711f658c,송건우,Female,46,1978-02-23,서울시 성동구 36길 4
0722b61e-3ee4-41cb-a0b6-3248608a5f32,서건우,Male,8,2016-06-07,성남시 강동구 9길 37
4fc8ff11-af79-4dd6-8666-bced771d68fc,조준우,Male,55,1969-04-10,원주시 강서구 45길 2
c0fab988-25da-44e5-9bf8-fc5b430b25ac,안서진,Male,20,2004-10-12,성남시 성동구 31길 3
09e9f009-9e9d-43a9-8cee-06a9f5594556,류연우,Male,9,2015-10-02,광주시 강서구 7길 5
39db75a0-c190-4d2c-a555-41afd4c4d933,김하은,Male,25,1999-05-03,성남시 영등포구 28길 10
930e55af-c154-4bfb-bfdc-c52fc1b451da,홍연우,Male,40,1984-03-24,제주시 송파구 34길 6
39f8a3ec-5d03-483a-91f3-f99dc08cf869,류지아,Female,73,1951-02-10,성남시 서초구 37길 4
a886f311-4edd-45db-9664-d0e605e01409,송하은,Male,25,1999-08-27,제주시 영등포구 41길 40
33e1b960-9cfe-4167-aea7-4e5a095a2ea5,서지민,Male,54,1970-07-24,부산시 영등포구 29길 49
8f58e070-af96-4ea1-aaf6-07d2728c4d00,이서윤,Male,31,1993-01-08,용인시 도봉구 48길 10
e70ba123-f230-4800-90cd-242ef1c84700,전현우,Male,72,1952-05-18,시흥시 강동구 30길 47
462333a1-8947-4f68-9e4e-9a597774ac45,김서연,Male,22,2002-10-28,안양시 광진구 4길 34
8a230870-dd8d-47b2-8643-f8eb45174288,안지원,Female,32,1992-08-06,안양시 노원구 40길 36
17d9f583-5829-41dc-873e-11a9fce41874,조우진,Male,18,2006-01-08,안산시 마포구 13길 22
d63ca2f8-666a-43cf-9de1-2a468b7987db,전예준,Female,16,2008-10-02,화성시 서대문구 44길 6
ebb56b69-36af-44d1-a840-2b9cd7727833,전민준,Male,29,1995-12-14,광주시 용산구 15길 1
a3228962-8f94-4bdc-b762-8501ef721335,신승우,Female,52,1972-03-10,의정부시 동작구 9길 11
2e690d75-7fca-4aeb-af8a-4846c4702c01,이하린,Male,64,1960-02-11,포항시 용산구 12길 1
47850b56-a551-4f67-9415-c317fa7da37b,정서현,Female,37,1987-12-12,광주시 동대문구 6길 10
b650d626-d73f-4f38-80ed-b7b13697861b,오지아,Female,65,1959-05-21,남양주시 중구 41길 17
b4aac150-1d82-45f0-a365-23d81fbfe920,조선우,Female,49,1975-05-18,광주시 마포구 6길 39
65e46fe5-ace4-498f-864e-9fae1490f42e,강민준,Female,56,1968-04-02,구미시 용산구 25길 2
6bb57a88-f36e-4794-87a0-0d535099fa30,안시윤,Female,72,1952-07-23,평택시 노원구 8길 15
9f5ffc20-b130-4077-845e-6a5d7e09409b,장승우,Female,4,2020-04-30,의정부시 마포구 46길 28
3562aa7a-8dd0-4b05-a211-9753dd849264,서지호,Female,35,1989-08-23,서울시 강북구 17길 4
cf0835ba-a028-4a61-abad-29057ed78739,정주원,Male,17,2007-03-09,성남시 성동구 44길 14
3601350e-23f5-4171-a324-14ec7a0f9c90,김유준,Male,13,2011-02-27,원주시 강북구 29길 16
8b57738c-8b5a-4a73-b44f-248411783f88,한지안,Male,35,1989-08-30,원주시 영등포구 7길 35
b41ebf92-de37-45fd-aef0-08ebe9baafe6,임수아,Male,54,1970-06-08,대구시 광진구 40길 32
e90ed97d-7c40-4f2b-895e-46c96461373f,안채원,Female,35,1989-03-17,대전시 도봉구 28길 19
9d1cda73-8ecc-4ae9-b59b-a192d8c655e6,류승우,Male,10,2014-02-13,성남시 중랑구 6길 40
043945aa-e60d-4afd-a77c-1f67d01d1d1e,신유나,Male,37,1987-09-01,광주시 영등포구 4길 24
4ae555df-1468-40ea-a3db-4858ec211ae1,신지환,Female,55,1969-09-04,부산시 노원구 17길 27
fd1e67e1-3342-4419-9e97-6a6949e20770,오민서,Male,14,2010-02-07,창원시 서대문구 50길 48
964cb9e5-bf62-482b-ae68-e242e0dfc6ed,오민규,Male,28,1996-05-27,청주시 강동구 29길 4
65396cac-6379-43e0-98e9-4ab19fddfaaa,신시은,Male,21,2003-02-06,김해시 용산구 27길 9
26ed11a0-f7b2-4098-a1f0-7700ebf11f78,홍도윤,Female,63,1961-05-08,안산시 영등포구 50길 13
d05669ef-9989-4525-898a-08e49dd9cde7,서은서,Female,54,1970-06-27,원주시 종로구 28길 7
01b85769-f7ec-4ff4-9b88-198a14cf6353,서하린,Female,5,2019-09-04,부산시 양천구 2길 24
d0d0487a-620c-4474-9192-e56f0d6f9a9c,전다은,Male,48,1976-07-31,수원시 동작구 41길 8
bc21a9ab-df3e-4b47-842f-675247aecd44,박은서,Female,72,1952-11-30,대구시 송파구 30길 9
a94f6916-729b-48b0-9f0f-6f0f91ad278c,류지우,Female,64,1960-10-19,부산시 은평구 44길 25
1af057f0-b495-446b-bc67-7d3e2e07d910,윤예린,Female,67,1957-12-12,용인시 금천구 20길 49
5b392d4b-0688-49d3-956a-6bdffe787154,홍하은,Male,25,1999-02-04,서울시 은평구 39길 48
cebeb152-a82d-4238-8cd3-34ff652210c7,윤민규,Male,3,2021-07-27,대구시 중구 38길 6
e4f8e1aa-bfad-47da-a056-6b624e3c8326,"류지유,",Male,22,2002-12-25,안양시 송파구 25길 13
c41a1bce-97d7-41e8-9a27-87358302a03d,류준우,Female,12,2012-07-28,파주시 은평구 40길 45
8e092bdc-e1f8-46a1-baeb-fc87e7cdf812,이현우,Male,12,2012-08-17,대전시 강북구 32길 10
9b7779ef-9f4b-4227-9604-f4522288486a,권예준,Male,59,1965-12-15,수원시 도봉구 4길 5
cbae07ad-7185-47e0-947a-c94699679ae2,송서윤,Female,23,2001-12-14,광주시 종로구 42길 6
21ac0c16-e849-4780-9c72-0945339f26da,권지원,Male,58,1966-03-18,안양시 서대문구 3길 30
7977451c-b0d7-413b-991e-52932f644a0f,송다인,Male,8,2016-09-20,파주시 광진구 24길 5
84bd41f5-dce0-4400-9604-359b5d45e9f0,황건우,Male,52,1972-10-28,안산시 종로구 38길 1
dcd84b16-c0d4-4e97-8977-b42918f48d3a,전민서,Male,45,1979-01-11,전주시 광진구 48길 30
552b2343-c6dd-44f4-8c9b-21069dd7c0b5,최연우,Female,17,2007-08-03,천안시 노원구 8길 44
081da8ae-3b99-41c9-ac77-5a34cebfa324,최하은,Female,70,1954-08-27,광주시 노원구 15길 12
6e336e10-f1cd-492e-9ddf-cf2f88f82f64,전지환,Female,19,2005-06-13,용인시 영등포구 44길 49
40d77f1f-b115-4f0b-a549-a1dfb7b2968d,안민준,Female,65,1959-08-24,인천시 강남구 42길 33
c9176ff0-f3f3-4027-bdc0-a6c359f2fe9e,한서현,Male,24,2000-06-03,서울시 중랑구 49길 21
bf876f2e-0e00-482b-9f6e-f56f7055116b,강지훈,Female,1,2023-03-12,창원시 종로구 27길 30
6af364f9-4bae-4a06-869d-78c7db026f0d,정지환,Male,52,1972-01-26,구미시 노원구 38길 14
3f210fe4-97a7-4d05-8c47-11ac9f179905,한윤서,Male,62,1962-03-12,울산시 종로구 19길 49
2572f40b-4a12-4a97-8a40-795f955b16ed,황민준,Male,52,1972-10-28,전주시 강서구 22길 49
0ac390e4-3108-447b-b8df-5fdd60a33e28,박민서,Male,62,1962-01-21,고양시 강동구 37길 16
b58a122b-9eb3-423a-8b61-cfb9a14f82a7,정채원,Female,67,1957-01-25,시흥시 중랑구 49길 46
9de93563-386a-4271-8523-b21f396921c0,류예준,Female,67,1957-01-03,부천시 동작구 16길 8
6ab6ef5a-18ac-4367-9a3d-f6668735de3a,안승현,Female,57,1967-07-01,천안시 성북구 44길 3
ff20e44c-a659-463e-88a4-67656e07ab2c,오은우,Female,16,2008-09-17,원주시 강남구 50길 46
8a4d0974-2b8b-4f90-ba9b-6281b1c829ca,정다인,Female,4,2020-06-20,창원시 종로구 21길 46
9d75b566-5502-4cb2-b993-bbfdd17d7587,조수아,Female,68,1956-05-28,부천시 마포구 27길 1
efbfc57c-1a59-4911-bf23-feb720e43f6f,류지호,Female,22,2002-11-11,평택시 서대문구 30길 16
a3b6b29b-ed75-4ace-9cb6-d5e864447b31,전서연,Male,3,2021-06-19,수원시 강남구 26길 9
790d8a04-ebf0-47ad-928e-b80629219911,윤승우,Female,58,1966-09-28,천안시 관악구 12길 39
a98d7dd0-74ab-4416-a145-653eb171fb6d,송서윤,Male,73,1951-07-19,구미시 강동구 14길 35
3f4fce51-971d-4499-b757-b9d0d8bc9c66,윤예준,Female,17,2007-01-14,원주시 용산구 47길 41
d1be2a06-35a7-44d2-b7a1-1ebe1d715560,송도윤,Male,13,2011-06-05,김해시 중구 40길 45
3dc939d5-c87c-414f-817f-e3d91c9be01f,홍하준,Male,41,1983-10-31,천안시 강남구 30길 1
d14386ea-8ddf-4712-8d9a-1069789442d1,최지환,Female,10,2014-11-11,대구시 종로구 34길 40
d8a2ce1c-ba20-4425-b3cf-abcdf3de2d79,신지아,Male,14,2010-12-11,고양시 중구 43길 5
c39e101d-9cbf-4bc3-8716-8f28b2ee34e6,이서아,Female,26,1998-02-14,청주시 도봉구 50길 44
6b90799c-c285-45a4-b3dc-4e2c68b8c732,윤우진,Male,15,2009-10-16,대전시 중구 21길 2
c14aeaa3-dd57-43dd-8a79-c7973e9df7d2,장도현,Female,32,1992-01-06,양산시 강서구 24길 35
62c8996f-0a41-4aa3-9586-b43129755736,한예원,Male,40,1984-07-02,양산시 중랑구 27길 38
f7e1233a-836f-4b27-b89b-476ba64a199c,임시은,Male,53,1971-09-15,용인시 성동구 31길 47
2fda29a5-4a21-4d5f-9f90-acadbf6cba35,조정우,Male,46,1978-12-19,부산시 구로구 14길 28
e6a80905-412f-49b5-88a1-1b8dfb3c8938,정하은,Male,41,1983-01-31,김포시 서대문구 10길 5
a1fdc6ed-ca9d-4581-b0ab-f96077a3ab97,장주원,Male,2,2022-10-08,부산시 광진구 17길 39
e6d310a5-3478-4a58-a3c5-648b020fd9f2,윤지우,Male,68,1956-09-01,남양주시 양천구 4길 3
fee67d77-4146-444a-83f3-571c5ecae731,강지윤,Female,60,1964-01-19,용인시 서초구 5길 14
915e8132-1df7-4ac7-a6e3-ad6b7b5e015e,정현우,Female,3,2021-02-16,광주시 강남구 48길 48
831a6e91-00d0-4494-a4ae-66e0c66e25d6,송준우,Female,74,1950-07-16,안양시 노원구 37길 37
faff3210-4f81-4de3-8118-e262c04cfbe5,오정우,Female,38,1986-09-12,광주시 동작구 47길 15
9739f427-b126-436a-b7b1-d98bbdc93677,김연우,Male,58,1966-12-05,천안시 성북구 28길 30
57921739-594a-4281-9261-08ed9c2e6e2b,장지우,Male,50,1974-12-17,안양시 중랑구 42길 36
94c7ec2c-b436-4d89-ab39-3c76743c95ae,이민준,Male,15,2009-02-08,시흥시 송파구 23길 12
e6fe90ee-df3f-410f-a69d-ad6641fee736,안예린,Female,32,1992-06-16,광주시 강서구 30길 9
1057a0ce-706e-4d66-833b-ab59e87d6754,오서연,Male,45,1979-11-29,제주시 강동구 14길 11
2b2fe617-db91-47e8-bba0-0f94a47fd072,오한결,Male,72,1952-09-03,서울시 용산구 15길 49
5be4b6a8-7efb-4bf8-98b3-2042ab91ce10,이시은,Female,49,1975-08-10,성남시 강남구 6길 30
4b359039-f35e-49a0-9d1e-1e2cc69674a5,황선우,Female,26,1998-12-14,화성시 서대문구 10길 32
00c8b239-3b26-4ecf-94f9-464916b8923e,류현준,Female,50,1974-04-06,시흥시 중구 41길 37
32a1e761-e2ad-4e2c-8d44-60c0f741cbfd,조지훈,Male,15,2009-07-11,전주시 중랑구 21길 13
eafa7966-3380-43bc-afde-1f9cc4a07c8d,이유나,Male,52,1972-02-23,양산시 마포구 46길 2
75e2b4c2-b900-4e4a-96bb-be2d53fd4431,오예준,Male,67,1957-12-31,수원시 광진구 31길 34
a1ebc64c-369e-4af8-8e37-3f5a18bf662d,임한결,Male,29,1995-02-20,대전시 동대문구 29길 8
55b75cfb-712d-4574-8ea3-afc98ef80769,박채원,Male,34,1990-11-12,천안시 영등포구 19길 14
f8317df5-8dc6-4d3e-af34-b85a48af50b6,신승우,Female,30,1994-12-18,전주시 강남구 36길 18
12322626-ec44-4f20-8129-74869aaa67b2,오은서,Male,21,2003-11-09,용인시 구로구 7길 17
3fb115cf-b70c-4652-a96d-4183a5663eae,한서진,Male,53,1971-11-13,부천시 중랑구 45길 48
8c814dd6-9600-4fcc-a6a5-794f02bd8d43,윤하린,Female,16,2008-07-21,양산시 마포구 16길 1
fc49f68a-d6f1-4b4b-abca-38070312a395,최소율,Female,27,1997-04-15,성남시 관악구 18길 18
27416ccf-b062-4ebe-952a-bbba79ce3f8b,안서진,Male,20,2004-05-18,시흥시 서대문구 16길 23
6afd7b0e-1c5c-4e81-b99a-8984c2d5706a,안건우,Male,17,2007-04-21,고양시 노원구 13길 4
a7eccb47-802a-4ce3-a4a6-ce5e05686a32,서민준,Female,42,1982-08-19,대구시 강동구 30길 42
0e1df7a7-ef68-44ba-8d02-4875d5da7941,전소윤,Male,28,1996-05-30,용인시 노원구 16길 35
8669e3a0-439f-4e44-8c30-268cc6ac9293,신소율,Male,9,2015-10-15,울산시 마포구 1길 48
d1da6527-27aa-4993-86eb-0fd1f388cbb8,윤하은,Female,44,1980-02-16,성남시 도봉구 45길 46
8ab73f55-9dc3-4e96-a1fd-039e6e407614,장우진,Male,20,2004-05-17,구미시 도봉구 20길 50
2bcbb56d-90b4-4c5c-9827-d19acbb3f64a,장소율,Female,55,1969-01-25,대구시 서초구 35길 44
b5ed90ee-aad0-437e-8880-dc09c7624c97,홍준우,Male,67,1957-12-15,인천시 종로구 1길 39
7cdb6430-6989-4431-b808-b2988fea6b46,한시우,Male,60,1964-09-18,김해시 마포구 50길 35
42e16d1f-9b06-4cb5-ae3d-f565ee54efa7,황선우,Male,9,2015-03-27,화성시 금천구 26길 30
28539eb7-7b2f-4e2c-b764-91f3b94176cd,윤시우,Female,65,1959-11-18,고양시 도봉구 39길 18
1d7936a2-df05-49a9-9f5e-81377afb90af,한은우,Female,14,2010-07-10,부산시 동대문구 32길 34
39aadb33-a1da-46a5-9367-30ddcd5108f5,박수빈,Male,31,1993-07-09,구미시 구로구 40길 12
2ce8b43b-9bc6-4dc4-a0fa-042fa095b47c,오우진,Male,66,1958-11-01,울산시 중구 15길 31
398fec19-3b8c-463d-b987-815859d6c65c,신서현,Male,32,1992-07-22,대전시 중랑구 23길 36
62ad8b58-869e-44d0-896e-4540143627ec,전승현,Male,54,1970-07-10,구미시 관악구 31길 6
ed76a283-5381-4bbb-b180-bca97936d7b2,한도윤,Female,11,2013-03-17,안산시 강남구 34길 3
45a7529f-4b98-4fb7-97ba-41eaa89ed443,서예원,Male,25,1999-03-05,천안시 서초구 31길 41
055327ba-3b72-4dd1-a2a2-981afde1740a,임유준,Female,68,1956-02-14,광주시 동대문구 35길 17
aa46370a-b351-4de0-ba50-68e5a668790d,신지훈,Female,71,1953-02-15,파주시 영등포구 14길 47
2331f6c0-a741-4993-b420-39df8c551c5b,임예린,Male,34,1990-06-19,원주시 동작구 35길 35
8f180b91-ac49-4555-bb43-0d0f9cc53972,안도윤,Male,55,1969-05-01,평택시 성동구 19길 27
eca283ed-ac25-4cbe-b8ae-e1961e397c9a,김수아,Female,32,1992-01-08,김해시 노원구 46길 22
c77348ed-69c2-46ad-a83d-ed3be9689652,홍정우,Female,47,1977-09-07,부산시 종로구 16길 3
92d78411-7b16-4eb9-9529-79fc926d2082,송지안,Female,27,1997-06-19,울산시 노원구 37길 1
df70aa0c-d60b-4da2-9438-7bdf51de9c01,황예준,Male,47,1977-03-21,대구시 노원구 50길 47
c1a86bdd-74a1-4071-a157-6b12cab2530c,김시은,Male,49,1975-06-01,광주시 관악구 6길 3
78ed382e-b21a-4596-9269-db7a2ccb6632,권도현,Male,61,1963-06-05,화성시 구로구 7길 34
7e89d22b-6ce7-4002-810c-5db5d0ec1df2,전지윤,Female,16,2008-05-10,광주시 노원구 17길 49
12218ece-6f76-485d-9adb-771712d577c6,류승현,Male,45,1979-11-18,용인시 영등포구 31길 30
86941377-69c4-4551-86af-90c5ad077daf,윤소윤,Female,68,1956-01-11,창원시 강서구 13길 24
06fed12a-6669-4c3b-89f5-f4f4ca3a32cf,오현우,Male,50,1974-04-15,서울시 강남구 50길 5
027b1d07-fd36-43cd-9131-23cba00ae54c,홍예린,Female,51,1973-10-12,제주시 양천구 3길 39
df5b4554-165a-4508-9989-5d6a059f14a2,이유나,Female,63,1961-01-17,김포시 중랑구 44길 38
b7ebdbbc-7dbf-4186-b70a-446a5559e0b1,윤다인,Male,2,2022-03-05,부산시 강동구 10길 11
3367c56f-4f2d-454a-a2ed-39ffff8922a6,류서연,Male,55,1969-04-30,구미시 금천구 20길 38
dce6db6b-d210-40e9-b5d0-a2db0c77af95,송예원,Male,12,2012-07-02,고양시 동대문구 30길 50
29078b7e-d0bf-4a9e-8fe5-ccd6055a77ca,송승우,Male,69,1955-09-13,성남시 송파구 47길 42
ffe0f517-ed46-44c7-8d12-b67b94bb29f5,안소율,Male,6,2018-06-30,포항시 종로구 11길 2
5055f469-c351-4fb4-8ace-dd93114c6e49,박민서,Male,28,1996-01-26,용인시 관악구 8길 46
535f60c3-2b67-4d84-84f1-6cc419710ef5,황지환,Male,23,2001-08-23,광주시 강동구 6길 43
02e93bb7-3aaa-47fb-95ea-29935e4aa9c2,한예은,Female,41,1983-02-13,김해시 중구 23길 17
c3140556-92f6-4e3e-b9f8-e3532f08e78a,권지환,Male,9,2015-05-10,원주시 서초구 23길 24
0389ecf8-81c6-451c-b78e-2f30f490259e,오서현,Male,49,1975-05-07,창원시 광진구 8길 24
0a0259c3-6a21-427d-ab04-77f5d14f7283,권서준,Male,32,1992-10-22,전주시 종로구 46길 48
b1e580ef-9ac1-45b6-adba-d7e15106f3ed,전시우,Male,14,2010-08-30,인천시 노원구 2길 24
bf2c5ff7-bbbc-41ae-a8fd-127b774e06d0,서준우,Male,41,1983-02-26,울산시 성북구 19길 40
9073d368-08f5-46f0-8f93-a9d8c811c57c,안지훈,Female,60,1964-10-01,부산시 동대문구 1길 20
04b8779e-8cbf-42f4-83c1-e35f6f5ac72b,한승현,Female,26,1998-03-03,화성시 송파구 35길 48
06e7ca67-7b7b-4d10-ba03-a1ab0ee69e54,서민규,Male,27,1997-05-15,서울시 성동구 2길 15
74210294-6e48-4430-8981-184904c69b59,전하린,Female,29,1995-02-23,양산시 성동구 47길 16
0b4af1c9-b45e-4ac1-9283-913393f81fc2,이승현,Male,69,1955-09-26,천안시 서대문구 50길 37
69ab2403-c91d-4b66-a316-93a08ed3ac87,송연우,Male,67,1957-05-13,천안시 도봉구 36길 3
3ee87390-050c-4641-9519-89aeffdad795,장승우,Male,15,2009-04-10,원주시 서초구 44길 35
b7448dfd-69cc-4454-9cad-7a76f7842b1b,홍준우,Male,48,1976-01-27,원주시 강북구 48길 14
e5c93d40-ddcb-4549-b342-929ecd17791f,강시윤,Female,12,2012-04-26,서울시 양천구 40길 43
f9e960b6-2a3b-492f-8ab9-9c6b9e080def,장서윤,Male,7,2017-06-03,용인시 강북구 38길 41
bd986689-de13-474c-9076-937b2e814fdc,한지원,Male,19,2005-11-08,대구시 은평구 10길 28
58ceec1d-77e5-4bab-9221-bfb20754f918,전채원,Male,10,2014-05-27,광주시 마포구 15길 13
4880d538-709a-4db1-9560-361446c379c0,강현우,Male,6,2018-02-01,포항시 은평구 13길 20
dd8ad323-4d15-48e3-9b9f-d65bcec91009,이서연,Female,74,1950-03-17,화성시 강서구 47길 31
a139183e-51e6-40f4-92a3-b791f8200990,조건우,Male,71,1953-02-17,천안시 중구 2길 21
e279db15-5900-4e77-9a28-1bdf999f9ad3,최시은,Male,52,1972-02-13,대구시 동작구 47길 41
46777dd3-72ad-4aac-821d-1a76a9465af5,오은우,Male,15,2009-04-12,구미시 강서구 35길 14
a20b5102-f1dd-412d-900b-41dcc56e7404,한예원,Male,59,1965-10-23,화성시 강서구 24길 23
d099a72c-e232-4bb0-ad7c-7d361e5f666f,최시우,Female,40,1984-03-05,안양시 광진구 9길 1
e3a96033-d020-43b1-936c-2da3bb0cc077,오하은,Female,51,1973-11-13,청주시 영등포구 30길 33
e4f608b6-421b-46ec-845c-e1342597ff7a,오연우,Male,54,1970-12-12,고양시 노원구 35길 32
f36adec4-8021-42b0-b6a1-1d614e16a336,오하준,Male,53,1971-10-11,포항시 강남구 47길 46
cc65a216-d476-4522-9c7d-b8accffb90c7,황다인,Female,37,1987-03-14,광주시 강북구 23길 17
b2ac9985-a118-42d8-8fd3-a05136c03fc3,강수아,Male,28,1996-11-21,수원시 강서구 29길 40
269c00b2-5afc-43df-a87f-6bc67566a975,박지원,Female,21,2003-01-05,파주시 마포구 37길 42
70fd1cac-17da-499c-a6e9-2dc39570e41d,임하준,Male,66,1958-09-13,김포시 서대문구 12길 23
e050ff8c-9c38-4fac-9ad4-daac2f7339a9,정현우,Male,39,1985-08-31,성남시 용산구 48길 35
b390214c-269f-4d4a-8452-74a05f7bc3b5,황유준,Female,41,1983-10-06,김해시 서초구 39길 13
d4940901-c7d1-48b7-933a-d83591d2a91e,신우진,Female,5,2019-08-01,수원시 종로구 36길 12
a458b2dd-ae9e-41ab-a5d9-08fafaedf256,서예린,Male,45,1979-10-12,구미시 금천구 40길 2
5589981c-6bf9-4df3-99f9-b003d8f59609,류채원,Female,64,1960-09-13,포항시 양천구 8길 41
e6e34888-bfb7-4c37-bc15-130345d141cd,조은서,Female,3,2021-05-07,성남시 송파구 42길 3
c2bd9ee7-e965-44c8-82c0-1279f6cf168c,류하린,Male,24,2000-12-26,용인시 구로구 17길 42
33a49257-4ac8-4eb7-a3d3-086e908e9875,한은우,Female,17,2007-02-13,의정부시 서대문구 46길 43
84606bdc-96ca-4dbc-ad3b-fd7f53444cbd,정은서,Male,37,1987-04-20,김해시 구로구 28길 19
49f2f596-6748-434d-86eb-d27b42cc14f8,강도현,Female,52,1972-05-21,전주시 강남구 26길 9
c7b0632e-7fa7-4321-b0fc-b1df9e11e2a7,강건우,Male,43,1981-07-12,서울시 도봉구 38길 44
18fcb064-8524-4476-b83a-cd134e65c554,이승우,Female,54,1970-06-21,광주시 강남구 33길 13
21367a21-61a8-46fc-860b-b71b25e61bce,정시윤,Female,10,2014-05-25,구미시 종로구 14길 1
28077614-c8d6-406a-bc9a-206e59e792f0,조지후,Female,62,1962-01-10,성남시 강남구 20길 48
e67d2694-5785-4d09-a098-d872e45f11b1,권우진,Female,1,2023-03-29,남양주시 구로구 12길 45
ac6e942b-f5af-4d6a-b399-d2148ff8385c,윤은우,Male,5,2019-05-17,대전시 양천구 6길 3
9ed8452e-868e-4bb7-8c25-058957c47773,오하린,Female,9,2015-05-05,시흥시 노원구 13길 9
8e3f2e17-ce55-4252-bbd4-6411b483d6d7,장준서,Male,33,1991-02-26,천안시 관악구 27길 41
9def9b03-fc73-47d7-93b9-9d7ca468a769,류현준,Male,46,1978-10-22,천안시 광진구 26길 14
74007266-3c16-4632-9b0c-6525b965addc,윤유나,Female,62,1962-01-02,양산시 강서구 6길 13
3f9df3c3-d4f7-4584-a239-cd4d0053793b,홍시은,Male,62,1962-01-08,시흥시 관악구 34길 36
05b17d69-d91d-47f2-9658-d2790bcd648d,서지후,Male,46,1978-10-07,김포시 강동구 34길 36
200703c0-ea0b-4bcc-8100-25c000cb9e3f,이민준,Male,13,2011-11-06,전주시 은평구 44길 21
6af344ec-c9fd-4dba-9c5e-146ef726d281,임시윤,Male,27,1997-09-15,고양시 강북구 26길 42
cad530b7-ef32-471d-9edf-cf3708307911,윤예원,Female,61,1963-06-11,서울시 광진구 11길 44
69357ea6-dbc5-4e02-9e89-1f8ab22e0776,조다은,Female,21,2003-09-30,양산시 동작구 13길 29
828739a8-f16f-43d3-9aed-5f05e220df09,전다은,Male,66,1958-12-21,인천시 서대문구 16길 37
c075f22d-c726-4c92-b2aa-6761c055e0e1,장건우,Male,43,1981-02-27,김포시 은평구 30길 26
8c4dbc4e-f15d-4792-8114-a55d0876f178,서예원,Female,7,2017-12-11,안산시 광진구 2길 33
fb16037e-b54e-411b-8c7b-ee2c4b84f634,정도윤,Male,27,1997-11-18,부천시 금천구 5길 40
880e9470-1159-4478-8bce-8310be11ddc5,"신지유,",Female,46,1978-11-03,시흥시 강북구 36길 6
ec65e058-7158-467f-8ff4-947a8c670870,전준우,Female,73,1951-05-22,화성시 종로구 15길 27
34fac688-4314-4803-ac96-ba84062486fb,장지훈,Female,67,1957-08-01,포항시 서초구 46길 36
32813b2f-0505-41af-9640-64a3a8127b0a,김지아,Female,24,2000-10-30,부천시 중랑구 20길 10
f5c45f00-8ae7-4d72-bd52-5f83a752d264,오지윤,Female,32,1992-08-04,성남시 강북구 27길 41
0c3cfc2c-23c0-4ad7-8bc7-90f60cbba374,강윤서,Female,11,2013-07-23,안양시 성동구 44길 19
a7854815-a062-4983-866b-00ad5b946fc3,안현준,Female,37,1987-03-06,성남시 노원구 44길 50
e3ce484d-42b5-4abf-8068-3180df5bc8ec,오승현,Female,13,2011-02-23,김포시 강남구 28길 6
357645f4-d99d-4bea-a8bc-f818d6450b60,홍한결,Male,44,1980-04-08,김포시 구로구 46길 36
3849cc21-3127-47f7-8934-4d4392c75073,한현준,Male,25,1999-05-01,평택시 구로구 40길 34
fba21ab8-9316-4428-a70b-20635372602d,서예원,Male,68,1956-02-16,광주시 강동구 22길 7
89d77de4-3b59-4704-8d1c-7f635039ecae,권하은,Female,5,2019-09-01,수원시 서초구 10길 5
71209e90-801c-4347-8c6b-222aa6ebd35f,서현준,Male,64,1960-03-09,광주시 노원구 16길 47
478f149a-cf65-4640-8748-c10d6c8d2d31,전민준,Male,10,2014-02-01,광주시 영등포구 24길 24
a47d0bcc-d98a-4729-9031-1b43eb43ad6d,장예린,Female,5,2019-06-25,천안시 영등포구 26길 9
68293949-61b4-4917-892e-05b09f5ee673,윤승우,Female,68,1956-11-13,서울시 송파구 13길 6
809c6736-f8e0-489b-a220-5ec8f68339a7,안민규,Female,13,2011-06-02,포항시 중랑구 7길 46
db413674-8f80-4c09-b46c-8b652185cdf6,최은우,Female,7,2017-07-20,제주시 성북구 28길 34
4dfcf17c-278f-4458-a891-801c95007e57,전윤서,Male,64,1960-07-01,의정부시 용산구 45길 21
88ef88a9-7e49-4107-af6e-32fc350ddfe9,윤지원,Female,32,1992-06-02,용인시 금천구 47길 34
3e6397e9-0fdc-4907-ac68-fbc0346a5f07,임서아,Female,14,2010-05-20,성남시 중랑구 4길 43
8549101f-398b-4a72-9e8f-62ed05233fe7,한민재,Male,10,2014-09-12,평택시 양천구 11길 3
d2443a45-0dad-4672-90cb-b19c4f90b489,임선우,Male,74,1950-01-11,창원시 서초구 42길 14
cb1d12b0-bbac-44de-b48e-2f005817f903,류은서,Female,13,2011-05-01,울산시 동대문구 43길 45
aa983432-5f71-42fb-a134-37691e442042,송민준,Female,31,1993-09-26,구미시 노원구 5길 38
a9166956-ec98-4583-a33c-d63ff1bfa5d5,박서아,Female,43,1981-09-07,고양시 노원구 23길 21
891ce4e8-e9e8-4aeb-a4ff-6f062a87324c,정현우,Male,64,1960-03-30,원주시 동작구 23길 32
7ad71757-2cc9-4dd2-8be0-4146394564a6,안민서,Male,8,2016-07-13,성남시 광진구 16길 11
c10baa9c-ab37-4324-97cb-1b9e6833de8a,서하은,Male,19,2005-06-02,울산시 구로구 22길 13
7dfd46bc-cc3b-40cb-a197-41dd6f00b768,황지민,Male,64,1960-02-10,포항시 종로구 28길 49
c9fd2a44-48ee-48e9-8c26-33e9a8f174f7,오예린,Male,8,2016-05-02,안산시 성동구 24길 35
4fc4f628-1133-4f7d-b92a-6221888eac39,조다인,Female,4,2020-05-20,김해시 용산구 25길 8
0cde4e60-70a6-4306-bf28-83207cdaa8bc,전채원,Female,6,2018-07-22,수원시 양천구 11길 17
f4788986-a743-4488-b37f-770de0929bab,권수아,Male,66,1958-12-09,김해시 금천구 6길 38
7490e7ea-da64-4108-9874-877a5b986bfa,류예원,Male,22,2002-02-13,창원시 도봉구 7길 41
b1ce214c-7573-4856-8df3-254b651e0aa6,이서준,Male,31,1993-03-20,부산시 강동구 23길 46
43d18961-6896-4960-b2fc-05fa5b89e19e,강지안,Male,56,1968-05-20,전주시 성북구 11길 19
6a43d59f-023e-4da7-9421-1eb841e2bfb0,권도윤,Male,66,1958-07-28,시흥시 도봉구 3길 4
5ddb9dec-42f2-409b-8f47-6ccfb9a134dd,서유준,Female,41,1983-01-30,전주시 강남구 24길 26
8c46f1d3-b305-489b-91df-f4793d97b103,윤현준,Female,20,2004-10-28,대전시 송파구 29길 20
f0d1bd73-307c-49da-9351-90b93fc53dac,한유준,Male,5,2019-01-22,제주시 관악구 16길 5
070216db-9949-45be-a93e-d4f25052c4c7,박현우,Male,61,1963-06-23,제주시 금천구 39길 46
383be755-8cc9-4e39-ad67-ff36c6fa27ab,강지민,Male,10,2014-02-15,광주시 성동구 20길 50
725a43a3-aada-45db-9ad3-850434b8e1a7,오지원,Female,9,2015-11-05,울산시 강서구 1길 22
05f04f73-a78c-42f9-b1ff-3246d32845e5,장지윤,Female,65,1959-07-24,천안시 노원구 8길 39
faa3f165-e47b-4c4a-84aa-0b021af229c8,정선우,Male,69,1955-07-30,포항시 관악구 41길 34
82587080-c61f-4253-8863-89af0feba5fa,강서현,Female,6,2018-12-20,양산시 은평구 50길 21
389ef961-3de3-49b2-856a-bf44b3bd73eb,신지민,Male,16,2008-08-14,고양시 강남구 36길 47
64fc1527-6727-4c4e-966a-4509ba075487,윤지민,Male,26,1998-12-12,수원시 관악구 17길 34
4d28c483-f67e-4a17-ac62-0d31ab5608d6,안시은,Male,38,1986-10-25,남양주시 양천구 4길 2
4dd81ab9-b59a-4274-bcc9-ee5ab0dc9e08,권수아,Male,28,1996-12-06,용인시 용산구 2길 29
da72d3f3-5649-48eb-a836-41a4ced0776f,전지원,Female,53,1971-06-08,파주시 종로구 35길 26
2a0e9eb7-f8c2-4422-a10e-67747acec110,서시윤,Male,49,1975-10-12,김해시 동작구 19길 31
eb767850-9cdd-4be6-b882-0053f8cdbd12,황건우,Male,54,1970-12-03,전주시 성동구 11길 43
46c23454-865b-4766-b03b-adc5f4da911f,류서준,Male,36,1988-05-15,고양시 동대문구 15길 19
0c16dad5-ca69-4bcd-8f81-b2f1228c98f2,이지호,Male,34,1990-09-03,김해시 구로구 43길 33
3073c0fa-c8a1-4954-8eac-7d653094c38c,조은서,Female,70,1954-06-25,의정부시 강동구 26길 25
77bfbfe9-a2eb-40c0-95f5-6743367dd9ec,전예준,Male,36,1988-08-07,남양주시 구로구 18길 34
53dc12e8-988c-4f06-b82a-08188305b4ed,홍지원,Female,53,1971-11-18,울산시 도봉구 38길 48
415432d5-fedd-4ab6-8dab-5a8455bb7e09,류서진,Male,57,1967-03-08,부천시 마포구 15길 40
4dcfddc2-917c-4901-9d1b-57ae7c96b7a5,전수빈,Male,66,1958-04-25,전주시 서대문구 8길 27
77a1fcbb-ccc3-455e-bf5b-6833c49179ed,강시은,Male,12,2012-05-17,청주시 관악구 4길 10
08270500-96ab-4a1b-9698-4e5e444099d1,류정우,Male,5,2019-11-28,서울시 양천구 28길 3
9084ae5d-d3f1-4da3-9d16-0ff0b330ee01,한선우,Male,7,2017-01-04,남양주시 성북구 8길 19
8f38a438-6748-4476-a20b-c4050e5d100d,전서진,Male,28,1996-08-11,울산시 양천구 48길 21
085d41b8-daa0-44ee-9a83-ec88bbd25c6a,신서아,Male,41,1983-02-24,청주시 광진구 41길 16
24375bf3-73db-4b47-bfd8-7a4173528a3c,황지호,Female,29,1995-08-04,서울시 송파구 48길 4
aa52d501-39e4-44bd-8cd0-c429ec88f0de,안한결,Female,33,1991-09-01,평택시 관악구 3길 21
5268eb62-4880-4dd2-912a-0824e32ca93e,권소율,Male,65,1959-07-01,고양시 서초구 11길 40
85e13594-2b61-4c84-a2a2-1e0bf86bd3dc,권한결,Male,44,1980-09-07,부산시 용산구 33길 23
3387bae5-e0cb-4833-b403-003ab0a2d06a,윤선우,Female,8,2016-01-30,구미시 강북구 10길 27
7d1fedb4-dd27-427a-b1a0-70a824b8ca62,강하은,Male,56,1968-04-09,화성시 성북구 28길 47
a124bc81-b136-42b5-a001-83f62460f56d,이서아,Male,18,2006-06-01,울산시 도봉구 37길 22
3d2343a9-65ad-4798-80b2-359db1d85624,황승현,Female,14,2010-01-15,부천시 동작구 39길 33
e9312cfc-6b12-4f21-b4db-867e6f757c58,오지훈,Female,14,2010-01-29,원주시 광진구 45길 11
5b8f405a-066a-4463-a105-b7da91389ed3,신지아,Female,14,2010-11-09,부천시 강동구 20길 36
8a9078c9-0ddd-4a18-ac87-5cfdad6b0342,정건우,Male,35,1989-08-04,광주시 중랑구 19길 43
caba51bf-ebe1-4818-bee6-7bbff0c0d74b,임지환,Female,59,1965-06-05,부산시 도봉구 20길 46
3751cdfc-341d-49ba-952f-d3a01be3d0b2,조소율,Female,28,1996-04-18,평택시 은평구 31길 46
63c5162c-87a8-45ad-bed0-671fe4758615,류예원,Female,32,1992-09-16,광주시 노원구 8길 14
93bd7136-4cdf-408e-84ab-3afbc3b85643,이예은,Female,14,2010-07-21,화성시 종로구 24길 20
a969313b-2b25-4234-8e4e-569f976728d3,송현준,Male,57,1967-04-26,시흥시 중구 31길 36
77ad49ff-efad-4cde-9b97-5d79103610e3,윤채원,Male,21,2003-09-17,인천시 양천구 1길 33
84ec7463-5368-4901-8682-6f7edbaa1a1d,박지환,Male,60,1964-03-04,제주시 은평구 16길 13
58464bf5-a1aa-4a59-8f2a-37c0d9c7693c,서소윤,Female,52,1972-06-21,포항시 구로구 37길 45
a20eb398-a12f-4571-b3fc-a6e2bbdf9912,최다인,Female,22,2002-01-08,천안시 강남구 2길 25
9df146c9-a373-45da-86f5-444a822f89bd,전지훈,Female,17,2007-11-08,안산시 광진구 26길 12
1a209939-66b4-4c90-893a-636629b2db84,류다은,Female,25,1999-10-06,천안시 영등포구 28길 17
1763bbc2-7404-467d-86d4-8a19a75544d9,장민재,Male,35,1989-03-30,원주시 서초구 30길 50
0a2687aa-c1e8-46ad-818d-9daac16cc5e9,한지윤,Male,30,1994-12-08,안산시 성동구 27길 10
18b7b756-faec-46c9-ba61-3b8e48fde869,송소율,Male,7,2017-09-10,수원시 종로구 27길 20
647297ae-6d45-4673-b48c-becf6f03031a,류시은,Male,72,1952-10-15,남양주시 성동구 20길 45
e94ec51d-a9b4-4840-bda4-4ad816b4b520,한유나,Male,54,1970-10-16,시흥시 종로구 23길 35
62b5b49f-68db-49c1-88ff-8d67d555ae41,전예린,Female,52,1972-01-11,광주시 서대문구 37길 16
87f939cf-fe19-48a7-b70a-8a5d84b909c0,최유준,Male,52,1972-09-24,수원시 강서구 28길 34
21058bf6-e865-4096-9470-338820504e7b,강서현,Female,27,1997-01-27,화성시 강동구 33길 38
006257ce-6959-4fbc-8faa-f00251a7bfe2,황지훈,Female,64,1960-04-01,전주시 중구 34길 8
d313043e-1a69-4027-a01b-2a1f54da8887,임연우,Male,63,1961-08-26,안산시 광진구 37길 43
128f2ae2-1d6e-4bba-9686-eb9f1d30ed33,강소윤,Male,52,1972-05-11,용인시 영등포구 5길 19
d4c60976-5085-4236-8acb-e2be0e4d2933,정은우,Female,3,2021-09-04,청주시 강북구 35길 44
a2fe0ba0-8b35-4e94-beb6-91fb8315c5fb,류하준,Female,18,2006-01-18,부산시 종로구 6길 21
c47ba1c3-903f-4b78-b879-193b5ff292fb,"조지유,",Female,13,2011-05-13,서울시 서대문구 47길 48
aef497d3-6c63-4f7d-b29f-5ad7b0254d8b,박시윤,Male,63,1961-01-17,대구시 강북구 9길 3
66508ac0-02f3-46d7-9f5a-46f1221c1fd4,최예린,Male,9,2015-07-12,수원시 서대문구 39길 11
64eeaa9e-bacb-4215-96b0-ca7e06ae3557,장지환,Female,50,1974-11-04,시흥시 금천구 43길 21
3ff5cee9-3af4-4438-90ee-c03848935b93,강시우,Male,74,1950-03-19,파주시 용산구 35길 38
b6746336-9a97-43f8-a8e2-fffa22b82ccf,오소윤,Female,46,1978-05-06,서울시 구로구 5길 18
56341c51-08f8-4118-a9b6-128454d66121,장민재,Male,22,2002-05-05,광주시 종로구 15길 23
b0e73f39-858d-4dab-b4c6-7657f58e7f40,정연우,Male,43,1981-04-11,파주시 강북구 18길 45
7b718c5a-fa05-484f-ab63-cdca592bcdc4,권민규,Female,9,2015-05-07,용인시 노원구 29길 3
9d04a7f3-b7d6-48d2-9e69-55930388405d,서서진,Male,10,2014-12-21,평택시 관악구 14길 2
ba6867e6-461d-457c-a7b8-f99d00c9d4b0,김지안,Male,47,1977-11-10,고양시 노원구 31길 37
1594ad20-a867-4575-a0c8-4688c0337359,권준서,Male,35,1989-12-08,성남시 영등포구 25길 22
6f38c189-e238-4577-807f-61f30cf44087,서승현,Female,64,1960-11-30,천안시 송파구 45길 43
4170b952-51b8-47fb-a085-476fdd1724f6,김준혁,Female,46,1978-01-14,대전시 중랑구 32길 23
520da66a-8101-4e64-9de0-d1bd65c6cc67,권도윤,Male,73,1951-12-12,김포시 강서구 13길 28
037d2d0d-66f7-4ac8-bcac-62dbb0054171,김지훈,Female,73,1951-10-14,천안시 성동구 10길 10
2cbc8fc2-e3dc-4ab6-9be8-4e64b3c6c949,임우진,Male,7,2017-10-30,남양주시 광진구 19길 49
8f3081d6-5912-4710-a703-11d1745a04e5,윤지훈,Female,10,2014-12-09,광주시 종로구 47길 10
994a52b5-d8b5-467f-9e5e-fb9a19c765a0,전은우,Female,38,1986-06-23,원주시 용산구 30길 8
78122201-ea44-4874-aff4-78a1c5afbe7b,서지호,Male,5,2019-07-29,의정부시 금천구 23길 3
109bede8-f4c1-42ae-8e29-6a0390ffa8b9,정지후,Female,49,1975-10-13,대전시 강남구 26길 4
6f257cb4-a414-4b89-85c3-4bea03811a1a,임하준,Male,41,1983-09-04,청주시 양천구 22길 45
ef7de7c5-dc55-4fe3-adb0-56914562f1eb,윤건우,Male,58,1966-09-30,대전시 양천구 49길 8
e1fb6a31-7935-4305-8015-b35bde5c42a7,임서연,Female,45,1979-01-29,서울시 서대문구 40길 28
d9d670e2-ffea-490b-8cad-72643dbfdac6,서하윤,Male,30,1994-07-02,의정부시 은평구 5길 18
ffd20b26-0a31-48ef-a361-085a5017dbfb,조지우,Male,12,2012-06-06,창원시 송파구 45길 47
14851563-1395-4831-af07-42d75224c7a6,임유준,Male,14,2010-12-20,대전시 양천구 20길 1
3b88c570-45d1-450e-9d52-3d6792f24755,김서준,Female,43,1981-12-07,고양시 중구 43길 37
8e75c91a-f3b2-4bb4-a3fe-f3214b03dbb0,최도현,Female,50,1974-10-22,용인시 동대문구 44길 7
4d305e39-026f-4b4c-89c6-1cd89fd93833,황다인,Female,23,2001-08-08,창원시 강북구 44길 30
92780d3e-2b41-4b91-a90c-df89aa1fde8b,홍소율,Male,26,1998-09-03,수원시 강서구 39길 47
7309dda1-d64d-48ee-abd9-c5a87a713360,윤시윤,Male,34,1990-05-29,평택시 관악구 37길 8
6376d958-6d15-4c40-b492-71ffe8c381d5,류지우,Male,51,1973-11-08,남양주시 동대문구 49길 21
3b7801d7-c8d5-4c87-9477-ff2912d4e4b0,서하준,Male,61,1963-10-16,화성시 강남구 32길 37
a19ce726-0323-4051-b9fb-0378a0afac25,장시은,Male,42,1982-01-26,안산시 서초구 35길 32
a3163e3c-c23f-4316-b277-6470570a7b73,김소율,Male,42,1982-12-24,구미시 노원구 48길 39
9d3e5b8c-06a7-4463-b60a-47f768a1c4c2,류승현,Male,25,1999-09-12,김포시 서대문구 19길 29
6d068291-40d0-4eff-b1fb-20e67ab6610d,장은서,Male,54,1970-03-11,광주시 강남구 49길 38
bc0f8b89-375d-4dd5-8351-0bd732787ee5,오도윤,Male,40,1984-03-04,부천시 성북구 6길 36
6f1d7f80-5c87-4f8a-877a-0cbc2425a0a0,황시은,Female,17,2007-11-19,안양시 강동구 3길 1
33ce83fd-979d-4c9c-97fb-78912fef1c6a,박도윤,Male,7,2017-07-04,서울시 종로구 22길 2
8e948da2-9cf4-4f16-b2be-608a9735c361,류선우,Male,50,1974-04-24,김포시 마포구 35길 40
07c38226-a3aa-46f1-a3d1-0384b6bb389e,서예준,Male,72,1952-01-19,남양주시 강동구 4길 8
2cb831f7-83f2-475b-928f-17b4801729de,전지원,Male,56,1968-09-17,창원시 강동구 14길 24
03b408ea-b13a-463b-a065-3424318c652e,송다인,Male,45,1979-08-21,성남시 동작구 6길 6
1b239f6d-23f9-4756-9f3a-8d15a4da1aaa,이서현,Male,14,2010-08-17,시흥시 종로구 23길 15
234cd865-de24-44a8-a5c1-e1a7d353c9a0,전지아,Male,12,2012-02-07,광주시 관악구 31길 21
bba26d70-9ae5-4a14-887a-b37e79bfa862,전건우,Female,43,1981-01-29,전주시 송파구 32길 1
7c5c8e77-bc27-4aec-946d-4c23c6727e86,안지우,Male,18,2006-09-27,용인시 서초구 25길 17
3e5b44db-08a6-4839-b5b8-143cd11ebddd,정건우,Female,69,1955-06-26,부산시 동대문구 29길 46
6bcda963-82e0-4cc2-8404-2c5204a6b231,송지우,Female,9,2015-02-14,성남시 양천구 16길 6
7a38aa4b-1bb9-4c0a-8602-89aac54ade36,류윤서,Female,10,2014-04-21,평택시 금천구 45길 50
b9572012-9ce8-4a58-87c8-032230584e68,김예린,Male,15,2009-01-03,의정부시 마포구 20길 27
474dd74d-f380-4ae7-b9b3-a943df0375c0,강지환,Female,31,1993-08-06,부천시 양천구 19길 10
060e76c9-bce4-4e43-bdeb-a0e7aaf4806d,신다은,Male,47,1977-07-23,용인시 서초구 46길 9
8fe3db20-83d6-4a50-b030-0281c351f25e,강도윤,Male,9,2015-11-09,안산시 동작구 22길 14
d91be5fe-9acb-46a5-94e4-9a11241ea416,한은서,Female,9,2015-01-16,서울시 성북구 42길 45
f3283bc4-4f40-4136-a54e-88b01367419f,서주원,Female,74,1950-07-25,평택시 금천구 36길 17
47bd2f06-df53-4c07-9fa7-78239b7c6209,정지아,Male,30,1994-11-20,안산시 영등포구 17길 6
ca6486a6-f2c4-4454-8933-4e22dfd955a5,박지민,Female,2,2022-08-08,대전시 강동구 13길 40
b57f1782-45b8-437c-bed6-96baf65e43b3,정도현,Female,19,2005-03-01,창원시 구로구 27길 4
4edd2651-9f96-431b-bf70-cf1180e9d0c3,안선우,Female,50,1974-09-17,부천시 중구 33길 7
5c2652bc-eeff-4dfa-a8fc-de0d473ac12b,장서아,Female,9,2015-01-13,성남시 강남구 49길 3
f204d790-3a69-48c3-8129-b29a4304658e,박서준,Male,61,1963-03-11,시흥시 은평구 17길 20
f3a222e6-6eb9-4ab3-b239-2ba19943e2da,류지원,Female,74,1950-08-14,광주시 성북구 16길 34
7db97c7d-3f20-4ebd-9460-d430fae64437,신은서,Male,65,1959-01-14,평택시 구로구 45길 41
ca1c4cf6-6947-402f-9d72-4964d68b6c85,권예준,Male,56,1968-08-16,부산시 마포구 16길 3
c592f778-a9c1-4644-9497-d5423e5bd872,한지호,Male,73,1951-07-05,구미시 동대문구 42길 42
81861e50-630a-4fe5-b135-03dd51f31fdd,홍하은,Male,67,1957-01-18,평택시 용산구 40길 24
98364358-6ec0-48f0-8b79-963302e97347,이은서,Male,64,1960-03-11,남양주시 도봉구 12길 46
e694777a-b7b4-4727-95ee-854f2cc891e2,최지우,Male,56,1968-01-11,원주시 마포구 29길 37
150437b1-81aa-409b-b76e-eab77344e2cb,박서연,Female,39,1985-04-09,시흥시 마포구 3길 8
baedffed-32cf-4d82-8cf6-d1cbafde7fca,황윤서,Male,71,1953-03-24,파주시 강남구 46길 26
75227fa2-cc73-4a61-948f-4dd3dfc35864,한승현,Female,35,1989-01-31,전주시 노원구 15길 29
00051987-08ba-469a-80f4-206c2c89c44b,오연우,Male,72,1952-07-16,대전시 중랑구 12길 35
e5d8b7dc-8f93-456b-87af-9dc772fcb4d2,윤지우,Female,23,2001-06-09,부산시 서초구 2길 13
f3f1081e-a021-4d1b-a7d1-148e9254828f,"권지유,",Female,7,2017-05-06,제주시 강동구 1길 31
03c388c0-5a6f-475e-99b6-b809fe89a245,송예준,Female,4,2020-06-16,천안시 서대문구 7길 44
b445bdb3-4757-4f40-b9a1-5ff2afa8929c,김지민,Female,26,1998-03-18,인천시 강동구 16길 40
86c556d1-d61b-44a1-9286-bce083f7ce6a,이하린,Male,38,1986-08-10,시흥시 중랑구 40길 46
f344193c-4917-4993-adb3-31fb587e091d,이지윤,Female,38,1986-07-10,포항시 강남구 44길 28
504684de-4821-43d8-81a6-c8bc980a90df,조건우,Male,26,1998-07-25,김포시 양천구 3길 2
6642559f-ffe1-472c-a9fd-6b3b6fded1a1,강민준,Female,59,1965-11-20,김해시 강동구 24길 1
dbe0f2d7-b657-40d8-a8ab-0235a040e302,권준우,Female,8,2016-03-08,고양시 종로구 36길 23
866ce950-61f1-4b9e-a181-2413f1972bae,신민재,Male,61,1963-11-14,포항시 금천구 10길 41
70c7ff36-f656-430d-9573-dd3c8a6c1fcf,류도현,Male,21,2003-05-23,평택시 은평구 49길 25
3435d3ba-783f-4b8a-a0b9-c325137b5343,신수빈,Male,25,1999-10-29,부천시 은평구 10길 8
ca7db51e-0126-4c65-83f6-b4cb33dc1d04,서현우,Male,66,1958-01-03,서울시 강동구 48길 17
a872f10e-98f7-47ac-8e18-2b8659d9d7bc,권민재,Male,15,2009-03-26,구미시 마포구 14길 32
18675c6c-a939-4dce-bfdb-19aae50c7828,안정우,Male,74,1950-04-04,안양시 구로구 13길 6
07e4ab4e-04da-4380-b11a-c01e04f7fa2b,이다인,Male,37,1987-06-23,인천시 구로구 11길 44
9da3b45e-190e-4c81-a23e-de3b2489151f,박준우,Male,46,1978-06-19,양산시 강동구 27길 30
dc453309-db7f-465f-a623-a0df4b14b126,강시윤,Female,18,2006-06-18,의정부시 서대문구 35길 29
8fc65371-96af-45d8-aaae-34acc40a1be8,전민규,Female,29,1995-03-04,천안시 동대문구 2길 36
0276e01e-24fc-4a40-8539-ef9ebfa60594,임하은,Female,57,1967-09-08,파주시 성북구 14길 22
858249b5-c615-43fe-a6f5-a0a2feba7bf3,서우진,Male,33,1991-06-30,안양시 은평구 21길 31
01df96d3-0847-4fcf-94ac-01f9b2cacde1,정승현,Male,35,1989-05-27,김포시 종로구 43길 11
1862c8bb-cf6c-4c97-8472-d15dafe7916e,이건우,Male,59,1965-07-17,평택시 도봉구 22길 38
d5417847-2ec3-4b8e-af24-2e17e805a30e,서채원,Male,29,1995-01-19,양산시 노원구 37길 17
ff950270-14d2-4f52-a402-3e1e2024a1ec,정도현,Male,64,1960-04-12,의정부시 용산구 11길 34
324767cd-a176-4ce1-a5b7-075e39eda119,서지안,Female,57,1967-08-19,수원시 동작구 41길 16
f2402753-1669-4ae5-9e8c-2174ccf80989,박선우,Female,28,1996-07-02,수원시 강서구 13길 46
6d157be5-4522-49d0-a159-7fdcb57b126a,송수빈,Female,29,1995-05-11,파주시 강북구 33길 18
f9a83fb1-0ff4-4a55-86b1-e0f47b457829,안우진,Female,4,2020-04-23,전주시 양천구 20길 50
eb1b7eb9-d028-4d0c-9fa9-d02309ff8a93,강은서,Male,52,1972-01-10,인천시 동작구 19길 5
aaae12a4-d0cf-4a6f-9b1b-0df0fadfeefb,박하은,Female,41,1983-01-16,대전시 노원구 1길 15
d59b636e-937c-49c1-84e1-248a9bcce11e,신유준,Female,54,1970-12-13,원주시 성동구 4길 30
ed365fd7-c23f-4aa0-b020-b2ca0486d0cc,송서현,Male,20,2004-06-16,광주시 도봉구 40길 39
69542da1-5759-4f3c-8f5f-20e1884b413e,윤예원,Male,26,1998-09-06,천안시 은평구 47길 49
05760bd4-735e-4326-986f-b29fba89228d,김유나,Female,11,2013-09-21,포항시 노원구 16길 33
1b8a2a2d-1ac7-46fe-9a2d-7c05aee4267a,장도현,Male,13,2011-09-16,광주시 강북구 2길 44
ab872a84-b93e-4ca1-a41f-67c4d86aed3a,정다인,Male,44,1980-09-24,광주시 서초구 3길 32
7abad3d3-9267-48ce-89c4-608c8f4798db,신서아,Male,21,2003-05-11,광주시 관악구 22길 34
899415e2-a1dc-4268-b2ef-1f649191bab6,장시은,Male,62,1962-11-20,전주시 성북구 14길 9
cf75f8bc-d7d0-4d07-9061-543cd053ce3e,김서연,Female,13,2011-07-19,김해시 서대문구 35길 27
66fb10c5-9238-429d-9f2a-1926436e78aa,한도현,Female,26,1998-01-15,고양시 송파구 18길 3
bd1b8d5d-292b-470d-b273-2ecf41d3b389,오하윤,Male,19,2005-12-24,화성시 동작구 41길 18
3bced1d1-432d-4cfd-a120-4dcdac7942b9,박하은,Female,21,2003-12-17,부천시 강동구 39길 3
5ac05b64-8750-42cf-b58a-5a805c2ab236,서승현,Male,19,2005-04-24,용인시 도봉구 5길 28
f5c209c8-216e-460b-a05a-80a6ceaba2c0,황한결,Male,54,1970-06-07,용인시 강서구 50길 10
242ac843-1432-49dc-ac36-2f409199cd15,이지윤,Female,20,2004-01-22,안양시 용산구 18길 12
2d860944-2597-41a0-badf-dd9fe1b2546b,신민준,Female,38,1986-08-22,시흥시 도봉구 7길 19
f9abfb6f-d54c-4073-8b2a-3d738200eb3b,한우진,Male,26,1998-05-11,고양시 강남구 50길 10
91b0ff17-fd33-4f0f-b357-68309201fd05,안예린,Female,63,1961-04-24,부산시 동대문구 1길 8
3116fb33-0374-4b40-b729-532fd9c062f8,"장지유,",Female,5,2019-06-18,천안시 용산구 49길 38
7f9d6db4-2440-4577-8e74-5e44a03efc30,홍지후,Male,67,1957-09-22,양산시 동대문구 39길 28
d4587c2e-7342-41b5-b1ec-0ba2825138c6,황민규,Male,9,2015-02-06,제주시 강북구 5길 31
4c9fa5af-4f6e-4bf8-9706-b774bdb0fbde,강다은,Male,38,1986-12-12,수원시 종로구 5길 4
593e3a4a-4086-4c7d-9c8a-cd0e9000e7a0,임서현,Female,68,1956-03-14,제주시 용산구 26길 2
3ab6789d-c517-43c3-b5d1-20b46f60f096,권채원,Female,5,2019-01-25,울산시 도봉구 6길 50
53c70dba-8706-4afc-8c13-e776405c5dd8,권하은,Male,70,1954-05-04,양산시 광진구 36길 46
2472eff8-e093-4d6d-8a26-667efad63a1a,한예은,Male,52,1972-05-19,서울시 강북구 29길 16
266f8897-17d6-474b-b8dd-1958f96f27cd,장다인,Female,58,1966-04-28,인천시 광진구 19길 35
b9f08ed5-80f8-4b7e-9b73-44720fb38f93,정지원,Female,65,1959-08-05,인천시 성북구 49길 14
a8c3c714-3827-48c3-91bf-9b27a1e87801,서지후,Male,47,1977-06-25,시흥시 서초구 36길 35
92e84b05-3e36-4f0e-b01a-576530021fe8,권승우,Male,73,1951-12-10,평택시 중구 12길 21
36706e7e-d073-4e2c-9678-f4f76bdc289b,강승현,Female,53,1971-10-19,원주시 금천구 13길 3
8b4a3595-e4a6-4e26-857d-028e39669065,이도윤,Female,55,1969-11-01,광주시 강북구 6길 33
0ff2dc96-2e60-4b24-9a26-f07ae83cd4cc,권하윤,Female,15,2009-02-03,시흥시 강서구 14길 15
c0bfdd5b-9ca1-4b13-bdba-cbcd4c85921b,서승현,Male,15,2009-11-10,고양시 강남구 48길 42
5f534539-c130-4413-a956-20d71fafe3ed,조지민,Female,15,2009-05-23,전주시 마포구 9길 16
94fac099-a365-426d-8b92-0f2d9e886a64,안윤서,Male,59,1965-08-17,구미시 영등포구 43길 20
cfd854f2-d890-41fc-965d-c2b766e47e3b,박시우,Female,48,1976-05-04,수원시 서초구 46길 5
c6e0e30f-1f08-486d-90f4-45156d61a319,전지윤,Female,45,1979-05-30,안양시 도봉구 16길 16
392ff827-31a7-4b20-a7ff-e0f3ae08f8b6,정도현,Male,36,1988-11-03,제주시 마포구 43길 46
f07298e9-0d8d-498f-bcf1-4c153fff65af,임시윤,Male,26,1998-06-27,대구시 서대문구 39길 43
5e9e1a42-980a-4610-a0dd-d70b25a5920c,"권지유,",Male,74,1950-10-31,부천시 종로구 40길 8
de8cbdcd-d7e0-4cfc-adb9-12b2eb88d9ea,전도윤,Male,33,1991-01-01,제주시 서대문구 22길 5
3327a491-d08a-4273-b013-2daea2d844b5,홍연우,Male,62,1962-09-20,평택시 광진구 31길 23
b097cba7-653d-41b8-870b-0d611134ef9f,한도윤,Male,9,2015-08-24,수원시 성북구 43길 49
0e01869d-05d1-46dc-8f95-ca22336235ea,박시윤,Male,49,1975-01-16,김해시 서초구 39길 37
39474db9-81c9-4f8d-87bf-d8db5603f24a,장지아,Female,52,1972-10-24,시흥시 서초구 38길 21
832150dd-7a73-47aa-9d98-cae43251fa76,송은서,Female,63,1961-09-22,안산시 강남구 1길 34
d15c5d1e-48a5-4956-aff7-e31749959b2b,윤서윤,Female,8,2016-05-18,포항시 양천구 25길 7
811e0ec9-9599-4c80-b20b-e4690c1d8fd1,윤예원,Male,12,2012-08-20,김해시 성북구 17길 36
8b28bdae-aa40-4c9c-8f17-c649f2c7e167,한서연,Male,46,1978-04-10,광주시 강북구 24길 43
f899413c-75c7-4104-adbb-d391858401df,윤우진,Male,59,1965-12-13,대전시 송파구 48길 27
fdf34c35-8a9a-4ad8-8b55-d4aff69247b7,홍민재,Male,49,1975-03-08,파주시 광진구 33길 33
8672dd7d-28c0-4e5f-9cb5-1ffeed6cbca5,신지안,Female,13,2011-08-06,안산시 성동구 26길 23
64524071-13bd-4657-b1cd-db999a411d70,전현준,Male,29,1995-08-08,청주시 중구 45길 21
b9dd1ca5-0b6d-431c-b175-ae7555d8d3f9,장지후,Male,9,2015-05-08,의정부시 노원구 33길 47
c57a8388-d4c0-43f4-8414-e8cce1d7a2dc,강다인,Male,68,1956-07-29,안양시 송파구 29길 46
6ffe6697-8d89-46eb-b8ed-a97e66414bb0,장수빈,Male,47,1977-01-30,광주시 성북구 47길 12
58163c65-1691-4be3-a6d7-a5774ffcc4ff,윤지윤,Male,67,1957-01-10,제주시 강남구 13길 27
2e222c85-c574-41d3-b5b4-aba6ca509c08,김연우,Male,39,1985-03-29,양산시 서대문구 6길 43
35c46fdb-e358-41c4-9b7a-cc9ac34d3992,송현준,Male,53,1971-06-14,전주시 관악구 49길 10
7884db55-9e53-4f6a-8c12-d7e0c6c14d4a,신예원,Female,45,1979-03-27,양산시 중랑구 16길 49
991e8299-4692-4eb6-84d2-ed9afd7a2acc,전예원,Female,74,1950-05-31,천안시 금천구 6길 11
ea22dbaf-b6fd-4dc4-9d11-d35750e738bc,한선우,Male,33,1991-10-19,남양주시 성북구 1길 40
26120951-b046-408a-93a1-d462e559693b,장민규,Female,67,1957-04-03,포항시 강동구 15길 15
9efcb354-dc55-4730-b8ce-dde1aa640796,송지민,Male,45,1979-11-26,김해시 영등포구 24길 33
671a6308-64fa-4c63-8c8d-500525f35c0e,권준우,Male,37,1987-11-23,평택시 동대문구 44길 37
3aebc490-c8f8-4099-9fbe-9f5dbf5ec95a,최지훈,Male,52,1972-10-11,양산시 성북구 44길 35
f45ed647-3243-4aed-9c2e-3ac5b63bb562,조지훈,Female,59,1965-05-28,수원시 은평구 11길 21
36fdf09b-28e9-46e5-b76e-6fdb271e3665,홍지훈,Male,48,1976-09-03,광주시 서대문구 41길 7
170ee75c-da03-4410-adeb-281b3e22ef99,황도윤,Male,37,1987-04-05,천안시 노원구 48길 33
3921c4e5-62ae-4b58-8438-00ae932ed006,오민재,Female,29,1995-05-22,김포시 마포구 26길 2
6a1813ed-5d3b-4622-a56f-28901a1916d0,오민서,Female,4,2020-09-03,시흥시 마포구 37길 18
d587a372-f980-4cc0-b628-6b8b402fcc33,황예준,Male,3,2021-02-10,의정부시 송파구 17길 26
ba02f819-aa1e-433c-a960-81e159b1b565,장다은,Female,26,1998-07-14,대전시 광진구 25길 29
93186292-f827-4833-a844-618f7783fc06,권승현,Male,58,1966-07-18,대구시 중랑구 40길 12
6b702464-fa84-4d36-b562-215f993fa4b3,임지원,Female,31,1993-07-15,김포시 중랑구 28길 31
287a50f1-543d-4781-8864-45ccc38d5382,이지환,Male,10,2014-11-18,용인시 송파구 36길 29
de3d6789-20dd-4735-a19b-fc0250c36d34,오서연,Male,58,1966-02-10,서울시 송파구 42길 34
4d872a0e-fe70-46b2-af34-d42ef80d227b,황서진,Female,28,1996-04-24,양산시 송파구 17길 44
56a0fcf9-b744-4576-ba18-30b0fa45c55a,윤예은,Female,20,2004-08-01,파주시 노원구 21길 15
7096b770-81fc-48f7-a6ad-08ee468f6ee2,이서아,Female,15,2009-12-24,김해시 강남구 14길 27
e33fe594-8c20-4fcb-a7a5-f2d5d06b2f42,권시윤,Female,44,1980-10-22,안산시 금천구 32길 23
5250cc2d-6e27-4722-b6b4-31f5f929fced,권우진,Female,45,1979-03-21,창원시 노원구 41길 41
33a7aee2-a08c-489d-9532-638f5984c761,김연우,Female,70,1954-12-22,김포시 강동구 42길 40
6e7b1cc0-d7ab-4ff6-9cc8-134db41769c7,조지원,Female,28,1996-08-05,김해시 노원구 49길 10
8760348d-a429-4807-be88-c9d8ea9feaa3,안유나,Male,63,1961-01-20,안양시 관악구 5길 11
df6c7eb6-9d70-4f97-8845-7989bedf4490,김하준,Male,5,2019-05-10,서울시 은평구 6길 48
22b92317-ba9b-4faf-82b1-b228830e9f0e,한민재,Female,69,1955-01-03,화성시 구로구 50길 40
c3702ea1-70e3-4710-9449-d8fd5b49882b,장하은,Male,33,1991-06-27,평택시 마포구 24길 46
68fa2a32-f0c4-4873-8d6b-bc5b8ea63a58,최건우,Female,71,1953-05-01,부산시 강북구 31길 44
47208975-b949-4796-a599-a27feded2406,송지민,Female,50,1974-12-16,제주시 동대문구 18길 20
afbbcc86-2cbd-42c9-824b-8832d261741e,최준우,Female,45,1979-09-12,인천시 영등포구 37길 15
38ddaadf-7474-4f9f-85fc-08a9fc705a88,최지후,Male,34,1990-08-04,청주시 광진구 15길 40
87d26cb6-c9e9-489b-9507-443e6ff5c6fb,조지윤,Female,20,2004-11-23,전주시 광진구 7길 4
829e8fa4-2997-4dda-815f-31d9cfcd0090,정민재,Female,18,2006-02-15,시흥시 용산구 1길 5
e2adcedf-ad9d-4a1d-b455-c518025cf6ff,강한결,Male,23,2001-01-27,김해시 강동구 16길 2
e5e0cf35-d125-44c1-b831-39dd6d9fe9bf,안다은,Female,49,1975-04-02,평택시 성동구 1길 44
6fccf0a6-cfb7-4946-8efa-ad5308ec1402,신예준,Female,7,2017-07-28,포항시 성동구 22길 27
f1d2eabd-c6e2-47c5-acd1-321857fc31f6,전지호,Female,45,1979-05-03,포항시 양천구 34길 24
9b76e5c4-1477-4386-8661-4b0c4c676a5f,최시은,Female,40,1984-09-05,부산시 동대문구 46길 39
37bc9de6-d1de-4566-9590-1bf370af1d03,이시윤,Male,68,1956-11-22,남양주시 성북구 30길 19
53fc2799-4acd-4cec-bf50-11658ec36f8a,서하은,Male,10,2014-01-03,제주시 광진구 18길 39
3b7ef677-a4c7-470d-83fc-5f95c889535f,서민재,Male,14,2010-02-07,파주시 관악구 25길 21
939a5794-5f68-42bf-a756-5150ed32744e,정채원,Female,51,1973-05-20,시흥시 동대문구 16길 16
072aefc2-a7ce-4e3c-9682-92a13b8c642a,송주원,Female,8,2016-09-19,시흥시 서초구 37길 11
61194ffb-445e-4cdd-9219-4886ca89a404,강지호,Male,43,1981-05-06,남양주시 은평구 4길 28
dcd59f54-9cde-4b5a-bf11-04ec406d864c,정지환,Male,43,1981-04-12,부천시 중랑구 43길 5
5cad8e1d-5e31-40d6-a8af-74e182548ced,송선우,Female,25,1999-05-20,파주시 관악구 22길 49
c5c9b5b5-a2a4-4a6c-aed0-5aeb8a1a655d,오서아,Male,6,2018-04-02,김포시 강서구 2길 26
95f617f9-ae02-4f7d-9e99-da6f944ccb8a,최준혁,Female,8,2016-05-22,시흥시 양천구 8길 48
1586527b-839e-4d94-b6d9-eb0e1e94fcef,신서준,Female,9,2015-02-23,수원시 마포구 14길 1
c059af7c-9f7d-4e0d-b65a-0e7358d72ed9,전은서,Female,34,1990-05-16,김해시 구로구 9길 21
9dd3041d-d654-4f42-b194-6c20c54a221e,권우진,Female,6,2018-12-04,파주시 송파구 12길 6
a2d4e3f2-b59f-4b57-b0f0-201658547e59,"박지유,",Female,45,1979-09-09,대구시 서대문구 50길 11
d485b1b9-8f62-4629-a30d-d38ad6c3250a,한현우,Female,50,1974-05-01,용인시 성동구 15길 6
0727dd62-325b-4f56-b317-b6c8c13f0e7c,임하윤,Female,52,1972-03-24,안양시 서초구 19길 38
676b0ee5-6531-4e8f-ae16-ee690e82d7b8,이다인,Male,58,1966-09-27,포항시 송파구 13길 41
2d61bf8d-0982-4f33-8fcf-ab52845bae53,이지환,Female,60,1964-07-16,서울시 도봉구 19길 31
1e6429fc-76ce-46e2-8c5e-c895cb0827cd,조지윤,Female,30,1994-05-23,울산시 금천구 19길 27
c6f61445-12a2-4e55-a79a-10272f9160ed,안다인,Male,35,1989-01-21,의정부시 강남구 47길 3
1baa5cfa-aeab-41a4-9d7f-a6be069c3f9f,정시우,Male,2,2022-10-18,창원시 노원구 8길 43
e16a34b5-ce9d-4667-b92c-bd8eab87ec4a,김연우,Male,37,1987-06-29,대전시 노원구 16길 23
f1d4e5ca-dc72-49b4-ad84-aba604cc1eac,홍건우,Male,25,1999-09-04,전주시 구로구 46길 27
bcd593a9-5bdb-4fce-a7b8-cae72fb02461,안하은,Female,56,1968-12-04,용인시 강동구 33길 14
f651c953-3e49-4d30-96ca-66aace51a1c1,정은서,Female,45,1979-09-02,대전시 성북구 4길 1
4cbb5ae9-e8cf-4d3b-8782-13d9e78056ef,이선우,Male,29,1995-10-18,청주시 마포구 37길 42
9d751900-fc61-4707-898e-b49a885b75e5,한지환,Male,37,1987-11-05,창원시 성북구 28길 27
899b345c-09b5-401a-aebe-f46953b3021e,박지훈,Female,1,2023-05-21,시흥시 중구 41길 12
c1b76ca7-05ec-4813-aa63-25d124770e03,전예준,Male,72,1952-03-19,대전시 은평구 32길 26
4283fb78-c513-4ffd-9afb-efc5c83cd799,황지훈,Female,41,1983-04-10,대구시 강서구 3길 45
c9ba438f-c5b9-473d-89d0-e1a875335eba,전도윤,Male,45,1979-04-09,시흥시 동대문구 49길 40
912a9206-69dd-4fe2-acaa-ce1c1a3a5f3e,임시우,Female,35,1989-03-24,인천시 노원구 26길 27
49b2ce2a-2696-4738-bd0b-8f47ea29d06c,신수아,Male,18,2006-07-25,파주시 양천구 43길 9
25c215f2-9808-4688-8ee3-a3a951629178,홍연우,Female,16,2008-09-14,원주시 강북구 49길 38
c39d315d-5ce1-4860-9b06-f5d50dcb86be,박하윤,Female,29,1995-06-05,부천시 용산구 23길 28
3b3f4227-ec40-4c43-96c2-7dc7a3900852,강선우,Female,34,1990-06-09,부천시 서초구 3길 33
3c8632b5-dc73-4fcb-a854-74ccbd22f8fb,오서현,Female,50,1974-09-16,창원시 종로구 35길 35
2d28ed09-c46c-4aef-899b-c4052dac24a2,강다인,Female,53,1971-07-29,성남시 은평구 13길 33
7e57936c-1819-441e-b5c3-8b0f68e3a43b,정서연,Female,54,1970-10-19,김포시 은평구 37길 34
6ae1eeaa-aaf2-48f3-b1ab-fef2706909e0,최지윤,Female,39,1985-12-20,안산시 동작구 15길 23
b13edb36-aa4a-4c9c-a473-adee180cf8ce,황하윤,Male,34,1990-01-25,고양시 종로구 17길 23
d617b931-8809-4700-9b78-d3230c419777,황예린,Female,60,1964-11-13,부천시 양천구 31길 2
036b3f1e-a98d-42db-bbd3-a23e311d670c,신지후,Female,47,1977-10-06,평택시 구로구 29길 34
4b3ae9fd-6dd0-42e8-84e6-66c6fa2e59db,임지아,Female,6,2018-07-14,수원시 송파구 44길 23
78a8bbc6-61d1-4ee1-8235-e0f94c95e076,류준혁,Female,8,2016-07-27,전주시 강남구 43길 15
1872985d-d02f-41b7-904f-b3602ad0f398,조다인,Male,2,2022-11-20,인천시 노원구 31길 45
59730054-ea02-43fb-9ef7-725ac29e4291,송윤서,Female,20,2004-06-05,파주시 성동구 48길 3
00d3e68a-66f6-4c37-9e5d-3506b0d22c4f,임하윤,Male,70,1954-09-12,김해시 동대문구 40길 39
3d3c7b00-d923-4395-803d-c78bf25e329c,장하은,Male,10,2014-08-15,부천시 성북구 39길 22
2daf8f3a-0321-4f59-ba65-9a3472123676,류민재,Male,3,2021-09-11,화성시 광진구 35길 26
c35d7535-f04d-4ec0-93de-7f07dffc0fc1,장시은,Female,22,2002-10-09,안양시 은평구 13길 46
74f8e7bb-66d5-456a-bec5-3629f0822266,권시은,Female,6,2018-11-25,제주시 중구 13길 27
e983a94d-790a-4491-9253-7decc7f1d496,이현우,Male,59,1965-11-16,화성시 마포구 32길 29
fdb44f48-9cd9-45d6-9e55-764c27c3e899,장승현,Male,11,2013-04-10,광주시 종로구 40길 8
ad3fe143-7e76-4732-b7cd-d126c6faa46e,송소율,Male,22,2002-03-13,양산시 구로구 27길 27
94ef9dca-b0cc-469a-b36d-e5f1e6a520e6,전예린,Male,13,2011-03-14,의정부시 구로구 15길 37
294c0c95-0192-4182-a8f1-56b194f20ced,박서준,Female,33,1991-01-08,포항시 은평구 50길 46
ff9bdeff-6586-48e3-a9f9-a654fba82329,전정우,Male,12,2012-01-04,광주시 금천구 1길 6
e9bfb268-d346-4430-a9d2-e216bc902a42,한건우,Male,5,2019-12-02,포항시 은평구 42길 28
a12b2796-f580-4daa-b2a1-7770a2b4f1c9,장하은,Male,13,2011-03-21,의정부시 송파구 35길 36
8cc1e8ef-9ad5-45e5-b4fb-070d96a39ccb,"임지유,",Male,26,1998-12-02,광주시 중구 2길 22
c02124fc-9f68-4b0d-808d-81274310e61a,박지훈,Male,36,1988-01-05,서울시 도봉구 49길 39
1d2746fb-b6e3-4969-831a-f15df7c74df2,류소윤,Female,63,1961-08-07,부천시 영등포구 50길 24
23802413-cdcb-4e13-9f9f-c31f7917412e,장지우,Male,62,1962-08-27,평택시 성북구 5길 42
71e87a8e-3f96-4344-850f-fdc990223bd9,송선우,Female,30,1994-04-18,광주시 강서구 34길 18
856fa4ca-2d9c-4bbf-80ec-ad8d149ad008,정민재,Male,71,1953-03-07,시흥시 강북구 26길 1
1764a812-48c9-433b-931c-dda16630b7a2,류예린,Female,10,2014-08-08,청주시 노원구 11길 27
6ed7ee80-0e47-417c-8d73-afcaf1e8c278,황예준,Female,37,1987-11-12,대전시 동대문구 3길 43
559d0f2e-9e54-4c6f-a998-25727329c4c3,윤준혁,Female,71,1953-05-23,천안시 동작구 16길 35
52a8944d-1541-44fe-a6a7-484bea6e0662,김예준,Female,74,1950-02-12,안양시 마포구 15길 5
daf4f8c1-f2f3-4114-82ab-1246713e112d,류윤서,Female,59,1965-11-15,수원시 강남구 33길 47
627f0e70-823a-44e1-9e06-a900b3f41b5e,이지윤,Male,46,1978-06-01,양산시 양천구 19길 3
6a207606-fdbe-40cb-ada6-a87cf5149144,임시윤,Male,27,1997-10-16,대구시 성동구 47길 7
c9158f15-af97-4097-9754-013f94bb1eaf,송예준,Male,68,1956-11-24,시흥시 도봉구 16길 14
7374201e-25de-42ca-9eca-25f011d2fd57,류현우,Female,18,2006-06-05,창원시 구로구 47길 40
e15fe16f-3ced-4ade-9d3c-ef53415d775e,신지아,Male,33,1991-08-28,광주시 금천구 45길 47
480ed89b-201f-4cb0-ab47-1a91a9283c41,전다인,Female,25,1999-01-03,성남시 종로구 49길 45
cb484057-6f3b-4f74-8fcf-b81a0b44b64e,홍지우,Female,18,2006-11-09,천안시 금천구 9길 28
2af8721a-2e35-489d-aa60-f4e94e4ada59,김한결,Female,1,2023-03-09,대전시 마포구 49길 21
e0cbc694-8c41-44a6-b2c3-4c55a2d60d74,류준우,Female,67,1957-12-25,평택시 종로구 9길 23
1560c84e-da27-4cc5-bc92-f67f02a5256a,최예원,Male,7,2017-07-29,전주시 성동구 41길 6
c5361e47-38cb-4c7d-917f-e2ec82b621f1,임한결,Female,5,2019-07-06,청주시 종로구 28길 3
d0c98508-572f-473b-8ab4-9955e6cc60e9,황하윤,Male,5,2019-08-21,양산시 양천구 46길 33
b8aae604-5266-42c0-8f3f-481f052d1e45,홍민규,Female,11,2013-11-07,화성시 광진구 37길 2
ecc83243-aede-4b74-86bb-e8f613676c5d,권서윤,Female,68,1956-09-18,용인시 강남구 3길 17
ff2346f2-d493-43e2-856c-8e3876bc08b8,최서진,Female,46,1978-04-10,안산시 양천구 24길 28
53b5589a-8738-4c3f-b188-372918e32b7d,안소율,Male,32,1992-04-01,포항시 강서구 2길 16
6225c25f-478b-4968-9f65-1d75536b1726,오서윤,Male,43,1981-12-03,부천시 서초구 15길 30
753aec6b-24e0-4621-b45d-aa2c34e78fc7,강도윤,Male,14,2010-08-13,대전시 송파구 6길 48
bb2ec55d-b13d-4271-a70c-8feeabcb1718,권한결,Male,22,2002-08-05,인천시 관악구 12길 32
596187c8-8c92-4ac2-8416-7e6c042e0320,서은서,Male,50,1974-05-25,청주시 종로구 6길 46
9a796d28-a209-424f-89e6-fc543463b79e,정예린,Male,61,1963-02-26,안산시 노원구 10길 21
b7719577-2d54-4e2c-86c2-271eda241f4e,임수아,Male,3,2021-06-08,안산시 광진구 34길 2
2809508e-e95c-40f0-a104-eca7fa2e896c,강민규,Female,33,1991-06-20,부천시 강남구 14길 16
fb68deba-448f-407d-9187-3e94f2af1612,오하준,Male,44,1980-06-13,서울시 은평구 4길 19
ac1ebedb-d98b-4285-b380-52a86e8e76d7,최민준,Female,59,1965-04-07,대전시 동대문구 8길 18
f4ac9d73-e0e3-4120-9956-52580ea5a00f,장예은,Female,1,2023-06-04,부산시 용산구 31길 29
8fa2e9df-3e60-4228-9e5b-f44af244e0c1,장윤서,Female,47,1977-09-28,구미시 중랑구 4길 5
70aec1bf-4bcd-4a46-84b3-342b1848f2c2,권윤서,Male,45,1979-08-23,시흥시 마포구 37길 3
a56a4962-5834-498e-ab90-93762ef90f45,황연우,Male,6,2018-08-25,의정부시 강동구 8길 5
669f83b4-35fa-4c1b-8595-fedec0a9dd18,임도윤,Male,63,1961-09-08,포항시 영등포구 47길 32
4186d998-592f-45bb-b814-11a1d79c9256,강연우,Female,59,1965-03-01,김해시 동작구 38길 30
c540101b-6a5d-4aab-a2b1-1b1d1019b1d5,황예원,Male,16,2008-03-05,광주시 구로구 48길 34
faad9450-975b-43f3-8cd9-a0a1a6f2d2be,강하린,Male,13,2011-07-28,시흥시 관악구 43길 3
8efe3d20-a584-418c-a142-c22b1a9cc5e3,황우진,Male,60,1964-11-11,대구시 종로구 39길 43
b9603453-ea6f-4796-bb5b-af3b7bb7fc81,홍지아,Female,15,2009-12-30,구미시 성북구 18길 17
b4bcc810-afa8-4026-bb0b-2bb05974b3e1,최서연,Female,66,1958-02-19,성남시 동대문구 36길 29
65500684-a460-4757-b5e7-14da7232ae61,서우진,Female,37,1987-10-29,안산시 동작구 11길 43
be872b5b-6cef-4b54-9c82-5c8ae15a144e,류한결,Male,20,2004-05-18,성남시 성동구 6길 7
f6296fcd-5038-4d3b-89ee-538872139b1c,송윤서,Male,57,1967-08-30,부천시 양천구 2길 39
3b8ae11f-16d1-4b16-8ad1-062ed1f24a46,강우진,Male,51,1973-03-22,시흥시 금천구 42길 7
2ce81d35-4293-423d-9c74-9b36f6766059,조도윤,Female,27,1997-09-15,대전시 도봉구 13길 44
7e65c27e-2d0e-4107-9226-8d2d5caeb63a,안예원,Male,23,2001-07-26,김해시 용산구 50길 9
b1a7bcbc-9f19-4ea4-a10c-b3fefed93a85,한주원,Female,68,1956-06-04,천안시 관악구 17길 43
56420f94-962b-4f4a-b695-36892f5e0bd1,서준우,Female,51,1973-10-19,평택시 마포구 14길 22
4215c09b-1567-4983-84e0-a14b8492ef64,장시은,Male,43,1981-01-16,청주시 서대문구 46길 12
792adfdb-2a5f-46f9-8555-cff4e62eae88,최지민,Male,29,1995-12-09,전주시 강북구 1길 20
672377c6-7dbd-4604-9cfd-dddc70995bb7,황지안,Female,70,1954-05-16,청주시 강남구 37길 44
97fcfe37-2dfb-4711-8b66-da5d335b8396,오채원,Female,56,1968-02-21,김포시 서대문구 4길 40
f6a07424-afd3-4991-8b6d-63cb5e814184,윤지환,Male,74,1950-01-17,고양시 도봉구 15길 43
6a846263-ed8f-4fa0-80bc-309d9ba044c0,윤승우,Male,64,1960-12-15,김해시 중랑구 3길 6
cbf13ff8-62ff-497d-9d1a-67a180425f49,송다은,Female,37,1987-04-14,구미시 금천구 36길 6
a097e77d-bf98-425e-af31-f853aa68a22e,정도윤,Female,30,1994-01-18,안산시 송파구 44길 32
e5e0b7c9-add6-4611-83a0-6957ed229265,박현우,Male,63,1961-07-24,광주시 강북구 33길 50
c10ae661-8fdd-496f-b07a-6db33ab8fc41,임한결,Female,26,1998-07-02,창원시 관악구 24길 22
4cbb3c53-abb7-46ba-bae7-8b46f462a183,윤민서,Female,48,1976-11-14,청주시 종로구 19길 36
b9f9c12c-69a1-4bf6-94c7-9940c99643bf,윤민규,Female,7,2017-10-07,창원시 강북구 12길 25
b9ded9d2-7621-4ad9-9be9-b93486e01743,황지원,Female,70,1954-05-29,평택시 종로구 26길 2
174b4f36-0741-40b3-bb6d-d2e8d5a24f5e,"오지유,",Female,22,2002-03-19,창원시 관악구 6길 31
4459148f-31fa-4ba4-b89b-02a6b93bf915,권다인,Male,45,1979-05-31,김포시 금천구 25길 23
a6a190a0-47f9-44ec-a9ab-821ec2e2f3cc,권승우,Male,66,1958-03-16,부산시 서초구 38길 9
9d8e5887-b098-4b82-a85f-7f4690702c5c,송서현,Female,58,1966-04-18,수원시 종로구 49길 19
6f8af067-f058-465e-b746-1fd3ce79e791,서민서,Female,20,2004-09-12,용인시 강동구 18길 11
a01ea0b0-2c2e-43bb-8e0b-5b5dd6e8859e,"장지유,",Male,41,1983-02-13,창원시 광진구 17길 39
9e363879-fc4a-4161-86e4-bfed70a7f211,조수빈,Female,60,1964-07-27,성남시 성북구 46길 26
a2182f1b-0610-4ef4-9dae-631fb831e66f,조도현,Female,11,2013-11-17,전주시 서대문구 34길 21
0748c85b-fcfa-4fed-a731-9dc824c42464,장연우,Female,47,1977-02-12,서울시 강남구 12길 5
cecc2638-5fc4-4221-8b3b-8e29703528bf,강서진,Male,39,1985-04-07,용인시 광진구 17길 39
329fc65b-e19a-4b22-b24d-0b49c77326a0,황유준,Female,15,2009-10-03,성남시 성북구 39길 38
7f0824b3-7918-4d30-913d-366d0e0dff63,오지원,Male,6,2018-07-27,구미시 강서구 50길 14
446845ae-4659-4751-93e9-4a55fa7d22f0,전한결,Female,18,2006-06-06,남양주시 성북구 47길 22
2ebfefea-fe58-4f4d-98de-96d701d22b5a,이채원,Male,22,2002-11-30,화성시 구로구 5길 30
9591922b-660f-418f-830d-9f87ff3b85bb,박정우,Male,34,1990-04-17,대구시 송파구 37길 33
b3d93e1e-8f4f-4644-a22f-5ab08674c756,홍시은,Male,11,2013-06-28,안산시 마포구 43길 40
033b5298-2f5c-4c16-a232-37c8b1fe7eab,황서진,Male,2,2022-11-26,안양시 용산구 18길 28
9601042d-095e-4191-8920-81d92baa7fcd,권예준,Male,19,2005-08-27,남양주시 동대문구 31길 37
219ea84e-8dcd-4eed-a715-c9a78d95deeb,이현우,Female,29,1995-11-20,김포시 강서구 36길 1
1a645bd3-9217-4be5-adbc-badaef84af2d,홍지윤,Male,42,1982-06-24,파주시 광진구 39길 41
1737a920-b7de-41ec-a915-44c2b946b742,송한결,Male,45,1979-10-10,부산시 금천구 12길 38
47372d33-07b0-444c-bf20-6444dfadbe09,윤연우,Female,58,1966-10-06,김포시 용산구 42길 16
06b57c73-1c24-436f-aecf-7b5fcef59590,류하린,Male,19,2005-09-14,인천시 종로구 28길 41
3c78f0f5-1af2-478a-8506-420eb46b0494,"권지유,",Male,55,1969-01-09,남양주시 영등포구 36길 24
2fefe522-55ca-40c9-97ad-cf99b8a9318e,장예원,Male,20,2004-10-05,서울시 강서구 19길 18
66b08d2f-bf9f-4069-bc3a-feb2bd7c48cd,권도윤,Female,65,1959-07-29,남양주시 강동구 48길 9
f159508c-0df5-4bc1-a435-17be12359b50,조서진,Male,49,1975-05-17,천안시 마포구 22길 24
3c42c258-1288-44f3-a2b8-3854755029a2,이승우,Male,17,2007-02-13,서울시 동대문구 17길 19
564f97b1-4ebd-4d0d-bf5c-8cf1d6fe7065,이도윤,Female,65,1959-05-28,광주시 동작구 33길 30
00b19c01-b958-4642-8e90-762b5ebf83ca,조지환,Male,12,2012-01-27,부산시 강남구 7길 41
ff605c27-0f59-4cf1-8b77-e1c7d92136a8,송소윤,Female,74,1950-06-22,양산시 서초구 28길 39
635cf1b1-cc72-4a4d-9a18-f1e49e6f4918,신다인,Male,5,2019-05-19,시흥시 성북구 24길 48
1c180875-2acb-4285-84e5-a360a8ee324f,송시우,Female,65,1959-06-15,용인시 영등포구 12길 40
ad89463c-f5fd-41f4-872c-52bc0a3e9256,전민준,Male,60,1964-10-18,양산시 중구 26길 17
45464c49-c7f3-4517-8e5e-b9fbdba35a80,류하린,Male,17,2007-08-05,전주시 종로구 22길 40
13872372-6d2a-4aaf-a51c-d50f4f0e54f9,임시윤,Female,35,1989-08-29,울산시 용산구 7길 43
f27e93a0-3cf1-4d02-9374-fdf56f89b407,서서윤,Female,66,1958-12-13,용인시 동작구 28길 41
1713c64e-e437-4de7-a065-02907f98aae1,"장지유,",Female,8,2016-04-05,울산시 은평구 10길 44
0a6ad537-5847-429e-ba01-2fbdd3267956,안지후,Female,63,1961-09-09,시흥시 은평구 3길 41
c68bc96d-27be-4c45-8bb7-95da0a0ba933,강다은,Female,30,1994-12-07,안양시 성북구 10길 40
a4eff93a-6ad9-4a3e-9063-37be1aba4073,홍예원,Female,49,1975-11-21,양산시 동작구 6길 23
87c90042-e4d3-4f11-b587-2ec284c71cb9,장지아,Female,18,2006-10-30,김포시 동대문구 27길 29
10056367-87f5-488f-89c5-6a11be3cd69a,권지훈,Female,14,2010-10-08,안산시 관악구 24길 13
56e88a14-3d03-4bd1-8f8c-59f52992bb18,임정우,Male,58,1966-07-28,광주시 서초구 6길 15
60f6cce0-27e8-45ce-998d-ef4a9c57ec0f,안지윤,Female,1,2023-02-13,시흥시 강동구 43길 6
7abc35ca-ec2b-4143-86d6-2b2fed0fde07,서도현,Female,54,1970-04-02,고양시 관악구 44길 14
d6ec98b1-8a5d-44ec-86b0-b35e73be3e69,홍서준,Female,32,1992-04-20,원주시 강남구 15길 1
cbfc9614-e32b-4e91-901d-80d0272c3e6a,류다인,Female,24,2000-05-08,울산시 강남구 11길 12
630cc2d8-c567-4097-a136-54f2e7f662cd,임예원,Female,3,2021-10-18,인천시 중구 2길 21
2eac7c37-56bc-4dca-b69c-c2e4871c38d4,임서진,Female,5,2019-05-26,수원시 동작구 24길 26
8fc73bea-9d1c-4e3b-9025-0f38cd67a674,전은우,Female,3,2021-10-02,안산시 서대문구 30길 41
68b1ac8b-bd37-4109-88c9-10abcb1070ab,한유준,Male,64,1960-12-28,울산시 용산구 14길 35
224bb032-5257-4fec-b30a-4f31e8008975,오시우,Female,15,2009-06-04,울산시 동대문구 40길 36
e2eb1cc2-09d1-4247-bb78-d8789e948a1c,권유준,Male,67,1957-01-30,양산시 종로구 6길 24
cbc7bb1c-e068-416b-af6a-4a81f46c8b8e,박다인,Female,33,1991-02-24,화성시 노원구 24길 5
ab135be2-40d5-44ab-8788-50e8b70d5c0b,김지환,Female,7,2017-06-21,시흥시 은평구 13길 35
eea232bf-e3a8-408f-8d98-486d8679ecfe,오민규,Male,64,1960-06-24,김포시 송파구 44길 45
7acb740d-bed3-40bd-8e34-c7360c82e9f9,오도윤,Male,36,1988-08-14,부천시 동대문구 38길 28
81c3f6d1-b6cc-4e4c-948d-1142a3ce0378,오승우,Male,37,1987-02-21,평택시 동대문구 41길 22
cdaa8e9c-35d3-4ba4-b05e-5b4a29f68add,김현우,Male,14,2010-01-11,김포시 노원구 9길 24
528172a3-3d09-45a2-90bd-16bda179fa4f,최예은,Male,34,1990-02-22,광주시 동작구 42길 36
f626eb05-1475-4ca1-b798-d77df7e48d42,오지민,Male,50,1974-01-19,광주시 강남구 48길 24
462018f3-8bd4-453a-9fe1-19cb90c79d86,조서윤,Male,6,2018-10-03,용인시 송파구 42길 39
dc4e69f1-cf83-43f7-b940-9adddb47a940,임은서,Male,63,1961-10-22,수원시 강북구 27길 1
3d7c9602-7b50-49e5-87af-1d784d31a00d,장지안,Female,27,1997-10-20,대전시 용산구 36길 23
d0b92c87-bd4c-4d2e-b3c5-afd1a04e00cf,김은서,Male,3,2021-11-16,대전시 구로구 43길 41
2b5a5f50-7ebb-4476-92f6-5c33a53c8060,김다인,Female,72,1952-04-08,성남시 중랑구 28길 14
b96471bf-5884-4cf6-bc0a-462a4e021ed8,임건우,Male,36,1988-05-22,울산시 은평구 8길 6
c16ea5f3-65bd-4aa5-8a2c-8814e4226ce9,서하린,Female,18,2006-02-10,평택시 은평구 38길 16
34165cb1-34a3-4805-b7b6-903956b8e423,황한결,Male,7,2017-09-28,안산시 양천구 46길 22
6b5fa037-5e3b-4c69-8b2e-11375f93ee93,윤한결,Male,62,1962-05-13,청주시 관악구 48길 3
b87b4cf4-ce8c-4a07-91d4-0da1b4c9c503,박건우,Female,34,1990-11-25,용인시 중구 13길 24
707b9dc7-b84f-470a-8b3f-a3ae6410f75b,오지환,Male,50,1974-12-27,김포시 양천구 38길 18
6fe029db-20e5-4f18-a291-4b88ca8e21e7,송지안,Female,43,1981-05-17,제주시 양천구 46길 5
8d6529c8-bfce-451d-b2a5-f66132c22be0,김지아,Male,35,1989-02-12,원주시 양천구 4길 36
b8aec947-74e4-4cf2-99e3-89de5522c8d9,박서윤,Female,1,2023-02-24,남양주시 마포구 5길 5
6e31bb25-94f1-4908-a87e-938d2c56eb0b,전서윤,Male,55,1969-05-20,안산시 동작구 7길 46
e8ed256e-7fe4-4f73-b335-a404c906e098,안지우,Female,62,1962-10-10,청주시 구로구 15길 36
f6446164-f951-418f-ad21-b57a91f1077e,황시우,Female,10,2014-09-19,용인시 강북구 32길 34
b65f0ac2-2ec4-4a9c-9268-642e6498dff3,권준혁,Female,50,1974-07-19,시흥시 강동구 5길 4
96ee4df9-6d63-4e26-93ed-cb0f2bb5417b,"이지유,",Male,43,1981-03-27,대전시 성동구 16길 39
3da6f10d-d040-4dbf-b458-64a592d232af,정지아,Female,5,2019-01-22,대전시 성북구 11길 38
38ed056e-caf2-4a13-a54f-8e6c754c81ae,강시윤,Male,31,1993-11-29,성남시 은평구 49길 8
05be617f-d89f-4079-9e8e-93775d9fb7f5,임시은,Male,33,1991-11-03,대구시 서대문구 15길 26
ef95ade5-ccfa-4cca-8e27-1f528477a83d,황지후,Male,23,2001-05-15,남양주시 송파구 26길 44
79cf83d7-773d-49f0-a3b2-e17ce0bc5d41,서한결,Male,52,1972-12-30,양산시 서대문구 6길 44
4a276c12-5ac3-4f47-aa30-71b884cd1ba5,오준우,Female,48,1976-05-05,광주시 구로구 5길 49
ad8f2d4b-62bf-45df-9b12-6fe157e9ca52,오수빈,Male,43,1981-06-06,남양주시 양천구 40길 10
950b4413-663d-4906-8e1d-03b8f933bcfe,송지호,Male,35,1989-09-09,원주시 은평구 16길 27
77d9ba63-ea8a-4e42-9c3d-fee205316db3,송하윤,Female,56,1968-04-24,울산시 성동구 39길 40
955fc753-f0ea-4d02-83f7-e9942484f533,권유준,Male,50,1974-04-02,시흥시 관악구 16길 33
5b2abc57-3169-47fd-a21e-20606bf40146,김하은,Female,15,2009-01-05,김해시 강남구 24길 39
c058f236-1475-43f4-867f-207a8527fdfc,오서윤,Female,2,2022-09-14,울산시 성북구 10길 12
9edce167-90fe-4ba5-9d75-c1246e9711ef,권서연,Male,34,1990-09-11,평택시 도봉구 27길 26
bdbf11dc-c9b3-4fbe-a53b-0013faade21b,임지후,Female,61,1963-03-14,광주시 광진구 20길 4
dcf5f94c-1fb9-4fab-83c4-b6755521311b,한시우,Female,53,1971-10-10,광주시 서대문구 22길 50
b9f95c50-5c43-432b-a2fa-0ee7be86f39b,박민규,Female,35,1989-03-15,인천시 송파구 13길 22
4af7af11-c91f-4c80-9dac-fc5414dc7ef4,박하윤,Female,46,1978-01-02,서울시 양천구 41길 4
98e02d08-4592-4433-bdbf-4300c9490ed3,박지윤,Male,44,1980-01-07,청주시 노원구 36길 28
6c2cc923-b56b-4aff-8f06-4a329fa6100a,권유나,Female,60,1964-04-26,안산시 강서구 50길 42
05bce923-9dd0-410a-8c9a-57b3e4422e6d,조예은,Female,8,2016-01-28,의정부시 동작구 12길 28
ae089ebf-0c27-430c-9540-564b9f515a14,서지우,Female,36,1988-07-30,안산시 강남구 39길 30
b002d081-bea5-4ecc-a7dd-88e9e89a2566,송지아,Male,43,1981-10-10,성남시 구로구 31길 4
b689da5b-713d-4b82-a171-a35ad47a24b4,장건우,Female,74,1950-11-02,서울시 중랑구 47길 19
24743b60-7a6f-4264-9bc7-db638dbb9210,강하준,Female,63,1961-01-21,남양주시 구로구 23길 37
0127e0b9-d099-4f2f-97d1-61e02569a0e9,전소율,Female,71,1953-08-08,용인시 성동구 3길 17
52545215-04e6-495e-a0f2-1cbbc5c3713b,안정우,Female,8,2016-04-01,구미시 중랑구 35길 34
206c8ad0-cc52-429f-b918-4d1cb814ffb1,안다인,Male,16,2008-01-10,화성시 노원구 14길 23
74f17587-0a14-4b60-bfac-372ffd787165,서서아,Female,42,1982-02-24,광주시 성북구 31길 16
1abe4109-02a4-46b2-9368-a76e240ebbbd,윤민규,Male,52,1972-12-07,구미시 금천구 19길 21
bd24e4b8-c258-47e7-b4a9-668c0cac18d6,오선우,Female,36,1988-04-30,화성시 은평구 43길 47
c403dd0b-fdd8-4766-bab6-f70dd863878b,전소윤,Female,47,1977-07-10,용인시 도봉구 23길 35
428dcbc7-664f-4f89-8b02-3eb258c485dd,황지환,Male,53,1971-03-21,전주시 마포구 14길 27
0cbecd5d-2ef4-499c-bc24-4f62752937f3,장서윤,Female,6,2018-06-19,대구시 종로구 25길 35
549a283c-dce5-4890-86d6-f2abd8ddca9f,최유나,Male,7,2017-04-19,서울시 강남구 25길 13
1b7c6c5b-82e2-4eff-82e3-9bd7f9dde620,임도윤,Female,38,1986-10-13,남양주시 마포구 9길 20
9806b57f-0850-427f-a6c1-34399d917646,오민규,Male,1,2023-08-07,대전시 성북구 38길 41
0aec75da-930c-4882-a3e7-2ac1c7e4e4ee,이준우,Female,24,2000-12-15,원주시 은평구 14길 45
83a33e8f-1921-41a7-a854-fa96ec80db22,안지호,Male,29,1995-05-07,안산시 강서구 28길 31
a3ca5c0c-87b8-4596-a997-211990087c13,박은서,Male,48,1976-03-07,화성시 강서구 10길 16
f76f5191-5dea-43c8-802d-6f091e785ab6,김연우,Female,19,2005-02-14,양산시 송파구 8길 48
192b71d3-332e-4c63-a578-cf1f82353d4b,권유나,Female,64,1960-03-15,김해시 영등포구 3길 39
b0e4ea57-0457-4d5a-8bd2-791abc628b48,황수빈,Male,38,1986-07-06,포항시 동작구 46길 42
b0c78fba-eb07-4b47-a086-c234d0e2ec36,홍지아,Female,45,1979-03-07,대전시 관악구 20길 45
d157e9fe-88d8-4e52-b863-83dfe0adf69c,최준서,Male,21,2003-05-15,안산시 중랑구 22길 21
19a8726b-8fb9-40e0-8477-d00680c95015,정한결,Female,59,1965-12-27,제주시 강동구 12길 2
513647d5-d1ae-4410-9c79-58930c447790,최선우,Male,59,1965-12-24,화성시 중랑구 13길 38
38d7f466-abeb-4092-9cd4-c7ffe31970d1,전준서,Female,2,2022-06-04,구미시 마포구 17길 5
44fc9623-bd5f-40fc-9199-96ae6e5d78a4,강하윤,Male,16,2008-04-30,인천시 도봉구 47길 40
c4842ad2-6d2f-4abf-be36-59f6b5b72895,홍하윤,Female,49,1975-09-02,부천시 성동구 26길 10
d8237142-55eb-4226-b63b-0aa6bd3a49ec,이예원,Female,49,1975-05-31,전주시 구로구 24길 1
d57f127d-a44f-4d49-9983-ec74794d6821,한예린,Male,35,1989-12-18,수원시 송파구 37길 46
5fb3b151-5587-4654-8572-eebec2c1d88d,황지윤,Male,63,1961-12-10,광주시 성동구 10길 6
5f2ee0de-7f28-462e-8a55-665a16a146d4,오주원,Female,65,1959-04-05,광주시 도봉구 9길 17
9d7d54d8-3adc-4807-95f0-114efecdedbc,강지호,Male,48,1976-02-02,부산시 송파구 6길 6
1e916c34-3eb3-4ea5-89ca-cab60ab99ffa,안준우,Male,43,1981-12-05,시흥시 동대문구 28길 14
1582866d-f953-419e-9424-0643d65d26cb,황수빈,Female,5,2019-04-12,울산시 중구 11길 39
a8b73728-872c-41b0-a7fd-bb195578d529,정지윤,Male,56,1968-09-19,남양주시 강서구 18길 21
de7544c6-66ab-4ff0-8689-61aa7838c801,한지호,Female,36,1988-11-09,김포시 강북구 6길 15
14923b3e-4b82-4c2b-b0f4-107c190c49c7,강소율,Male,10,2014-02-08,광주시 강동구 40길 45
bb6f4c81-90ce-4f76-b7e9-887ca18a830b,정수빈,Male,21,2003-07-24,성남시 강동구 40길 41
cd46b931-dc54-437c-9f3d-39cfa2e6f6ad,"임지유,",Male,15,2009-08-30,파주시 동대문구 5길 28
e8fcd9f3-e241-4138-b2a6-24fb164f9b98,황민규,Female,41,1983-10-21,천안시 송파구 33길 18
9d2b4db5-4256-4b95-bba1-27c6e699d05d,김현우,Female,67,1957-07-22,서울시 성북구 34길 18
23a17258-9d51-4a12-9c1e-3860f07e41cb,권윤서,Male,61,1963-07-28,양산시 관악구 43길 31
c8e4fecc-703b-4083-92a1-b3687a859991,임소율,Male,23,2001-08-24,화성시 은평구 4길 35
5e6d335d-6612-4178-a28d-95526619db7e,오서현,Female,7,2017-11-11,파주시 용산구 37길 5
8e3f5572-0d27-47a7-9c21-bbed0464b6fd,조서연,Male,1,2023-12-01,원주시 은평구 6길 44
6a17d4d0-1960-4329-b0e7-1043356fb5af,정서준,Male,11,2013-08-27,포항시 양천구 8길 40
0324a677-6360-44de-acbb-402fbc3ff6f1,안다인,Female,27,1997-12-19,남양주시 종로구 2길 12
1edd206d-700d-4128-af5d-a8624614c0b6,장윤서,Female,60,1964-01-24,화성시 서대문구 42길 47
a89c159b-c91e-4a3d-9e3d-e555d22d10c7,류지호,Male,19,2005-09-13,안산시 구로구 21길 43
cf09d681-3eaa-49ff-ba61-5c681482c51d,송다인,Female,7,2017-09-04,서울시 금천구 20길 4
c935f281-8c1c-46cd-8355-ff9e99f33f6a,안소율,Female,40,1984-09-02,부산시 송파구 22길 30
e12a83e2-946d-4a78-8e8b-90e95500be2f,임하린,Female,48,1976-04-21,광주시 동대문구 25길 23
6c4067ce-9d3b-4a14-8058-ee27ab884854,강하은,Male,71,1953-08-31,의정부시 강서구 28길 21
12962815-961c-4c05-a8af-78b2d4fb42e0,임준서,Male,74,1950-08-24,성남시 노원구 5길 38
dc2a4aa9-44c8-4c05-ae0c-de340df13173,서시윤,Female,41,1983-06-05,천안시 도봉구 41길 38
61fdeb34-21f2-418d-a009-d7ec67bb4cdc,임지안,Female,48,1976-02-19,화성시 동작구 34길 28
d428ab01-4fcd-4503-9928-938ec1868edd,박다인,Male,1,2023-09-18,남양주시 동대문구 22길 42
652af147-dbb7-45e1-a0bb-3ed4a4af25f2,박채원,Female,57,1967-05-16,부천시 금천구 29길 49
67160aed-1c5d-40c2-8a8e-2c5921b5b12c,신지안,Female,35,1989-08-01,의정부시 강동구 28길 16
9a3e543f-266a-4d8b-a8b3-2e77a4aec3d2,윤우진,Female,32,1992-05-21,의정부시 강동구 6길 8
12ead04e-0d17-4b86-abe4-0007ae429f92,오윤서,Female,7,2017-04-09,전주시 동대문구 42길 48
b14850bd-870e-4c0a-823c-0c230ae0b16c,강민재,Male,50,1974-10-19,인천시 관악구 46길 14
0d1ddb82-cce7-4592-a158-92ae1ccfeb0e,송지우,Male,55,1969-07-04,울산시 성북구 46길 33
d47b5a2e-7beb-47b5-b420-413895bee60c,김민서,Male,43,1981-11-13,대전시 동작구 18길 2
f14be29d-b886-47b9-81bf-5dc5e207bea0,홍서준,Female,68,1956-11-28,대구시 도봉구 48길 22
e5580b48-6e93-4d93-95ab-d308c25fefeb,조서준,Female,21,2003-07-08,제주시 용산구 1길 6
2eaf2bc4-0d35-47e7-ae2c-c5b558f08bd2,송예린,Male,67,1957-06-27,수원시 성동구 34길 2
647601a4-f94e-42ff-84fd-e9ac7fb3b12c,송수빈,Male,1,2023-07-15,수원시 양천구 10길 17
fcdf0526-7a0b-4149-acd1-71b9f2dfc5ab,임소윤,Female,10,2014-05-10,인천시 마포구 32길 24
bb980ad7-ba68-4b34-837e-e8f2b90f5b2f,전하은,Female,54,1970-03-27,성남시 강북구 32길 13
ec4961b3-d94f-4ac3-aceb-fa8af4462d5c,송민서,Male,7,2017-06-22,구미시 강북구 21길 46
fdd1b9a7-719d-46d0-a75e-52de0d48762c,장승현,Male,38,1986-03-05,안산시 강북구 5길 25
145588e3-f399-4d3c-a9a1-b710b8f12039,"안지유,",Male,65,1959-05-19,천안시 서초구 6길 24
be7f2c6e-d873-4f49-98a0-bb6989297acb,오민서,Female,68,1956-02-05,대구시 종로구 39길 13
25c1104c-cc1a-488e-91b5-4d1f2429ce0c,조유나,Female,34,1990-12-26,청주시 성동구 1길 44
1104747f-eab9-4604-a0b3-0cd056d7472c,황하은,Male,43,1981-05-18,구미시 중구 28길 25
65dd766b-ec74-4c55-960e-063bece9fdfc,김건우,Female,45,1979-03-10,부천시 중랑구 23길 36
6f3260da-b30f-4ac0-9674-37f803fa2526,박서연,Female,18,2006-12-03,원주시 광진구 24길 31
a0f97fb5-ecde-473c-aedc-2a6f7900dab3,장지안,Male,27,1997-01-25,원주시 동대문구 47길 48
60f1b485-1934-400c-a22d-3a6f1fac5feb,권지안,Male,19,2005-03-22,성남시 강서구 40길 13
d86bd023-8ae2-47d8-a59e-f25ad158b6d4,전지아,Female,11,2013-05-29,천안시 종로구 36길 50
fe60eee5-46c0-481d-96b1-91a7e7113f35,강지호,Male,52,1972-12-06,고양시 중구 7길 36
da710943-0da7-49e7-91f9-6c3c7689bfe8,송연우,Male,43,1981-06-07,김해시 광진구 6길 8
e4088b15-5089-478f-986e-782cafbac2b8,"황지유,",Male,10,2014-03-09,서울시 성북구 28길 5
36521388-5058-41ea-9f80-1712f82dbd7a,안서아,Female,16,2008-02-03,창원시 강남구 26길 16
2b1ba2bb-bf02-41c9-ae0b-3c19e5d87e18,임시우,Male,9,2015-04-03,부산시 종로구 40길 1
99f20172-b753-4230-be34-67a034d1b921,박은서,Male,34,1990-02-14,포항시 동대문구 42길 32
43e219c3-2bf7-41ef-b534-669f4b5997a0,홍정우,Male,36,1988-03-26,울산시 관악구 26길 41
9849f034-988c-40e1-ac1b-80d4f4693472,신현우,Female,9,2015-01-17,파주시 서초구 10길 46
4d2d4f2e-0e41-4be7-be56-e801472b93bb,서은서,Male,1,2023-10-05,김포시 영등포구 9길 9
1702aa13-850c-4552-b580-4798cfb25332,오윤서,Female,56,1968-02-26,광주시 중랑구 29길 18
97d51366-b92b-4edb-9b70-b85dec772e2b,김연우,Male,61,1963-09-01,안산시 성동구 31길 30
222fe087-eff1-41e1-9805-26644c9c907e,임민규,Male,53,1971-12-02,부산시 동작구 12길 18
b99439e5-338f-45b4-8f65-bffd00d66cf9,한하은,Female,8,2016-04-07,포항시 동대문구 50길 31
bbce5016-a821-4ce8-91b9-c251c456fffb,강수아,Male,18,2006-06-04,청주시 은평구 17길 36
8d77b5dd-fd7d-4939-9fab-521cd2d690e3,김지윤,Male,41,1983-03-03,양산시 강남구 16길 18
8e615675-d52d-408a-94db-b21274ecd9d0,임다인,Female,74,1950-02-10,의정부시 강북구 17길 1
6c2b0f80-ec11-4116-a12c-086ff1108104,윤서아,Female,16,2008-03-25,대구시 양천구 14길 4
637d9ab9-5c2d-4f3d-b711-c1d9b6500b77,류지원,Female,28,1996-02-27,창원시 영등포구 41길 48
e668f3f0-31ba-41b9-adef-4e353cc60eec,한시은,Female,65,1959-12-09,청주시 동작구 24길 36
a9e19dd1-0565-47d5-9453-9877fddfd3a4,황한결,Male,42,1982-08-25,의정부시 성북구 41길 30
26e8adbb-8647-46a9-9644-796690d56e14,김하은,Female,46,1978-08-10,남양주시 금천구 48길 25
7722a417-c2be-4706-abea-2f5e22c2a329,송현준,Female,2,2022-07-19,성남시 중구 9길 45
81f2e249-4c95-49fe-9415-cce29d4cfc5c,임서준,Male,63,1961-10-31,서울시 양천구 23길 20
2921c93e-ea86-4d9c-b5a9-c8f1d2268d23,송선우,Male,60,1964-05-24,구미시 동작구 24길 13
d028d0a7-faa5-4b33-8880-8124642a1f24,전지안,Male,20,2004-01-24,양산시 성북구 27길 12
25f680f1-c324-4d1c-b05e-fb1236676b35,오지원,Male,63,1961-05-27,의정부시 중구 39길 2
6b6d17d0-7052-4334-8715-63e038116f2a,김승우,Female,67,1957-05-20,김포시 서초구 8길 25
ea6bda2b-ce98-4e74-8951-3847b7021e89,안준서,Female,66,1958-10-08,평택시 동대문구 29길 15
98908c5e-f530-4bed-a7db-93d1c1331997,권소율,Male,70,1954-03-28,김포시 용산구 12길 5
6ae18567-803f-4bea-8fb5-e6c58c4ac42d,조선우,Female,47,1977-12-30,광주시 서대문구 35길 2
d4f094cb-4e69-45f0-9482-76cec4a1db7d,오다은,Female,55,1969-08-01,김포시 마포구 43길 5
997d019e-9e55-4e90-bbd7-21069477a2e4,정수아,Female,10,2014-09-01,김해시 구로구 27길 18
2d94d07a-82a2-45da-8e93-f08782087d85,안민준,Female,48,1976-06-24,전주시 서초구 2길 12
5c57b23b-3ab5-4186-bd5f-b85128665534,황연우,Male,6,2018-08-05,포항시 관악구 8길 16
84520b02-751b-4d07-8d3d-f1a77476e0f0,안지훈,Male,41,1983-05-17,고양시 강동구 29길 12
d7d709b0-b14e-4f09-bde6-11dd1ba6910d,김서진,Female,6,2018-04-04,안양시 관악구 23길 12
31570646-c40c-488d-8388-2f32a00f8a98,김준혁,Female,24,2000-08-15,화성시 강서구 2길 34
71826554-0069-4af7-831f-ac23f9d59269,이지아,Female,54,1970-10-02,광주시 동작구 30길 36
afb40dab-dfe4-449d-a908-7c3c5efabd84,정도현,Female,32,1992-05-28,파주시 영등포구 36길 44
6024c053-b38d-4256-b650-0cff41f424f1,전하린,Male,23,2001-10-07,대구시 강남구 19길 14
df04c373-b7c6-4188-9558-7c15a30dd371,홍선우,Female,35,1989-03-13,평택시 마포구 13길 6
debea098-00fc-4854-a65c-99138effb1e9,서소율,Female,43,1981-08-20,안양시 도봉구 40길 8
438d10f2-d802-40c3-b12d-bf39ef8cfceb,박도현,Female,29,1995-07-31,파주시 종로구 38길 10
2177ab70-74ff-43e6-9f9c-273a06d987b2,정서진,Male,48,1976-07-30,광주시 용산구 4길 7
df5144da-970f-494f-97b5-8779baa04b94,장승현,Male,33,1991-03-29,청주시 광진구 1길 25
62de61e9-ceb3-44b7-b704-d422671529a8,최지호,Male,29,1995-10-01,양산시 중랑구 16길 17
01477861-2f4c-4065-912c-d61e86b5162e,최지안,Female,34,1990-12-20,울산시 중구 13길 33
921b342a-e55e-452b-8606-9405bca8cbc7,임하준,Female,30,1994-02-08,김해시 양천구 38길 12
9511b7ee-be80-4ccf-bdbb-356234bb368d,장시우,Female,61,1963-07-07,광주시 강서구 48길 5
4dd90306-3d6a-4ac7-887c-ba47d6487cc8,조도윤,Male,20,2004-08-04,안양시 구로구 3길 3
cc3caced-0cb4-4303-b3e4-58a8a5c577f4,안승우,Female,41,1983-08-20,김포시 양천구 49길 28
58fed23a-f141-465c-9569-26dd51c46763,황다인,Female,56,1968-04-04,안양시 동작구 40길 2
d9e56229-2545-40d5-8571-2ebe55bf1596,전지우,Male,1,2023-04-08,창원시 양천구 9길 11
ab8aeb20-f920-4569-a1be-918b29bf3ad5,강예린,Female,36,1988-10-18,구미시 서초구 28길 45
02bdc98b-68dd-4772-a052-acae916a53ad,류준우,Male,12,2012-02-26,용인시 동대문구 43길 41
e016a001-0298-4967-bac7-96388144ba8e,홍현우,Female,20,2004-12-08,대전시 성동구 24길 36
3706e9e3-d2d5-4e04-875f-c78e63d12ac2,신승현,Male,16,2008-03-20,부산시 용산구 35길 18
23aed9b0-e7b4-4d1d-b05f-167ee26d5fd7,류예준,Male,13,2011-04-22,용인시 영등포구 39길 3
97dc72a5-2f80-4963-8dcd-dd10fb78ae4e,최서윤,Male,28,1996-10-23,용인시 도봉구 16길 49
53e7bf61-d0dc-4f0f-9e08-fd5e6a8a7933,서정우,Female,68,1956-06-15,청주시 서대문구 11길 10
675e84cb-ae16-4e43-9563-eb7b019dd51a,박은우,Female,56,1968-09-19,김포시 관악구 42길 11
d95a8733-b26d-435b-8a8c-f389429afa38,김수빈,Female,38,1986-01-08,화성시 송파구 33길 47
776add90-5068-42af-88b0-5e3a98b8af95,최하윤,Female,32,1992-12-04,김해시 도봉구 13길 47
82f3e4c6-142e-4842-b720-2e12741e2cfc,장서현,Male,65,1959-05-16,전주시 종로구 49길 16
9b86e40f-f508-48a8-997b-e315f30e20e1,박시은,Male,42,1982-10-21,전주시 서대문구 23길 50
96ab5bfd-98bd-468e-87df-b2ddae1366cf,윤다인,Female,36,1988-06-06,원주시 마포구 42길 2
c803719f-ccf2-410a-8441-98786d13c2ce,임지윤,Female,56,1968-06-11,제주시 서초구 30길 25
f5e3012e-9167-4dea-b112-ff2c00a45f84,황윤서,Male,47,1977-01-31,대구시 송파구 35길 24
a9270f23-e2b8-4a20-999b-d154aafec34d,홍수아,Male,55,1969-05-08,수원시 서대문구 7길 28
574c0881-40cf-4cf4-9a35-434e94c1a7ac,송정우,Male,18,2006-12-08,광주시 성동구 18길 22
d5d62111-d67f-4caf-969f-bd58368f45c3,조유나,Male,58,1966-02-07,성남시 서대문구 14길 18
30b33a7b-a978-44c1-8bdd-1f33de066ac0,황민서,Male,11,2013-02-17,부산시 종로구 43길 22
29e8917a-14e7-4af6-91db-ba924ea2fc02,임은우,Male,42,1982-09-19,파주시 강서구 39길 35
c2f7c90e-09b5-4af6-b5e3-cefb3cf9f698,송지민,Female,56,1968-05-25,제주시 서대문구 29길 27
51773bed-9d2f-42b1-86b1-e2c7247ea50d,류예원,Male,52,1972-06-15,양산시 관악구 1길 14
f16ca0ce-02c2-4995-88a3-952910015b89,권유준,Female,49,1975-05-05,용인시 관악구 22길 41
c24c1c3a-5934-43bc-8e7e-998df0f6dd6e,서우진,Female,24,2000-11-29,대전시 동대문구 15길 28
3c7204a8-bd06-4cf1-8ae1-b63690ee876a,강예은,Male,59,1965-08-28,원주시 광진구 49길 14
aea49299-861b-4abd-8a54-8bb728dc8693,오지우,Male,46,1978-12-27,시흥시 강서구 6길 17
6d1ecbd4-d5fe-4d7c-bfc1-9b605c50b6ce,임하은,Male,35,1989-05-26,천안시 노원구 10길 5
a2f6d369-e4d3-4a46-9095-84cf9ade9506,장준우,Female,24,2000-09-11,파주시 서대문구 27길 45
973228dd-431d-49ff-931e-bde0a3366ba0,김준우,Male,25,1999-02-25,평택시 강북구 4길 21
dfe7a814-cc6e-42cf-af2f-0fbcc11fbd30,최예은,Male,16,2008-03-24,전주시 마포구 22길 32
11543009-51e7-4b1b-8a7c-a8e1c55ca6a4,홍은서,Female,44,1980-07-29,광주시 서대문구 15길 19
af25915e-b80b-436d-aeea-aadb2ffce294,오지원,Female,15,2009-10-09,부천시 강동구 1길 42
f2f06c6e-e058-460d-8a3b-dafdf4b63761,"황지유,",Male,60,1964-08-31,원주시 용산구 22길 48
dbe1ef86-7423-4e17-a1e4-d82ba6d21081,윤지호,Male,1,2023-08-13,광주시 영등포구 18길 34
ef5e52f6-0736-450b-a297-4d6caac61d7d,김은우,Female,57,1967-08-10,김해시 양천구 4길 12
69f58e85-977b-4c87-88b5-89872aa00b35,한지원,Female,4,2020-10-16,화성시 동작구 48길 45
f61f6199-a6b3-4b44-b5b6-6f5897a2836c,정승우,Male,50,1974-01-25,수원시 강남구 29길 32
4a9d852c-993c-4b37-ad74-6c7c041d2768,이예준,Female,28,1996-04-09,인천시 광진구 34길 38
ae2485ea-92aa-408c-bebf-9fc49ccdd20f,황다인,Male,23,2001-12-02,남양주시 서초구 28길 44
8f9e6abb-d289-4123-94b7-260137c9adae,안수아,Female,64,1960-05-12,구미시 중랑구 5길 38
d54240ca-74a3-4e82-8acc-2f6cd419f015,장준우,Male,6,2018-02-26,포항시 성북구 7길 4
6425f9cb-bdc4-46ba-bcac-ace20c9d3052,서서연,Male,62,1962-10-13,파주시 마포구 16길 22
8c663a69-e024-4370-be82-b4db1f6014b1,강서연,Male,57,1967-06-04,남양주시 양천구 24길 35
ff2d4ae8-b99f-4db8-a663-f5fc36a75a17,권다은,Female,5,2019-02-09,전주시 영등포구 40길 10
872da59b-9bc2-4b85-8e8c-8fb756b84c85,신민준,Male,21,2003-02-14,김해시 중구 17길 38
3260139e-4840-48e7-92b9-0147b9c8527d,전다은,Female,31,1993-12-24,김해시 광진구 36길 15
eea8172d-5a49-42d2-a469-87ca1cee4eb5,류지훈,Male,17,2007-03-20,부천시 송파구 18길 50
bfe59119-118d-4420-baef-be1ba2e23a10,서하윤,Female,19,2005-10-10,수원시 영등포구 24길 12
393cca79-ad7f-4150-9128-6fe769bbabd3,최하린,Female,61,1963-08-05,전주시 동작구 1길 1
15767dd1-3751-42ee-a491-2e6ac7aab138,전지환,Female,23,2001-12-21,부천시 서대문구 37길 12
945e6562-d420-4fa0-9d12-134626bd85f9,신서진,Male,19,2005-06-06,울산시 은평구 18길 2
6de5feb7-5765-42a5-9e04-dc2586710ebe,장지안,Female,58,1966-08-14,안양시 중랑구 31길 6
740bc3ba-9b72-4109-a2a4-14c9f9072304,홍민서,Male,38,1986-08-30,천안시 양천구 23길 4
a1bc971d-207f-44f3-af46-58c9de9a8b81,최유나,Female,56,1968-12-01,제주시 중구 49길 20
894438ad-92c3-45d7-a157-88a6f51c27ab,조한결,Male,19,2005-01-23,성남시 강서구 50길 30
071d06bf-154f-4d42-af7d-581dd5855bba,조지호,Male,51,1973-12-08,용인시 중구 33길 17
5e3f5e46-d3dd-4fd2-a740-7dbb5e8f3c55,서하린,Male,54,1970-06-06,수원시 성동구 11길 33
aeb5f273-4d69-48d6-8d93-0e887bc42806,전예은,Male,50,1974-05-30,김해시 노원구 16길 28
019bf96d-31ee-4aaa-8b62-7c475f3139d1,조은우,Female,67,1957-08-16,서울시 노원구 22길 26
396f6444-19d5-4b3c-89f4-0d8a1d8657cb,임우진,Female,27,1997-03-24,양산시 도봉구 16길 14
5e8c5894-697f-4e61-9081-f1f9893d7137,임시은,Female,23,2001-06-07,시흥시 구로구 21길 7
31fca914-8dca-4351-8b55-46a98bef5e65,장정우,Female,42,1982-11-30,대전시 도봉구 37길 14
8987105a-12c8-411f-9fc2-d5f38cc9ded3,오지훈,Female,30,1994-10-22,파주시 종로구 37길 5
ba263a3b-d9e5-45bb-b75c-53fb78c6a753,임서현,Female,52,1972-10-09,인천시 성동구 25길 21
d23162dc-44ca-4def-a344-945f9402d25c,전예은,Female,45,1979-07-03,광주시 영등포구 11길 41
1f8ee5c2-342f-4fbe-a213-bb691f466b66,정지아,Female,62,1962-03-05,제주시 강남구 35길 25
1893b7d2-bf08-4633-9a54-278f490155ca,류은우,Female,68,1956-03-16,안산시 강동구 42길 37
304e5ac3-5430-46e9-98e5-9ddc99b87a55,윤예준,Female,14,2010-08-19,시흥시 강동구 29길 38
7d3614c3-5654-4cdd-9029-b7853e9e6bbf,류서현,Male,17,2007-05-21,용인시 강동구 41길 17
84389772-e362-4fcb-a7c3-1bfd1d997392,황도현,Male,17,2007-02-04,화성시 종로구 38길 14
0ecb8730-d2fc-42e7-9338-e2670500fbde,신선우,Male,12,2012-08-02,천안시 강남구 25길 32
603845b1-0630-4852-b9f6-3f55851221f5,홍준혁,Male,2,2022-01-19,안양시 은평구 1길 25
6edcd1f2-8eef-4f5f-a037-b61af74e698d,정예원,Male,58,1966-06-09,평택시 강북구 38길 4
94495cc7-c7b1-4239-a29b-1cbf7d71fa7a,조시은,Female,30,1994-04-07,평택시 중랑구 31길 23
2b660e13-2b46-4261-87a1-c633b8b72b02,조시은,Male,22,2002-07-30,남양주시 영등포구 3길 28
d080643c-756b-43e7-84b9-f34aa478be20,이준우,Male,26,1998-04-27,포항시 영등포구 26길 21
3e9e0a84-ff3f-42a4-bff4-4ef66588188f,권예린,Female,18,2006-02-06,화성시 동작구 2길 38
3c0f582b-3575-4f3f-8da0-b33d8a5ebebc,"한지유,",Female,16,2008-10-03,성남시 노원구 38길 11
67283242-9e08-474a-b837-920d848b2982,장준혁,Male,3,2021-04-26,전주시 노원구 31길 27
fa991462-a22d-4e2f-ae3a-ccb02bff69ba,오지안,Female,30,1994-10-10,파주시 강북구 42길 50
abb9bf1c-7065-449c-8855-bdf620edcd99,황준서,Male,1,2023-01-14,파주시 강남구 4길 8
cca953fc-4ff6-422d-843a-7b4c45f22f31,최서아,Male,47,1977-03-28,용인시 성동구 47길 3
e5eb2c12-bb7c-43ef-aa9b-185c76ab824d,최승우,Male,56,1968-07-08,천안시 구로구 24길 25
539b90b1-e41f-4584-a58b-2e4be4370c56,송승현,Female,49,1975-01-08,파주시 광진구 44길 13
cd7decfd-d900-4b7e-89e6-97bd272ca063,정예준,Male,56,1968-05-05,포항시 양천구 49길 28
d408c06f-7780-4963-8a76-987b19e810a5,권예은,Male,28,1996-12-19,인천시 서대문구 1길 41
583bdc13-b48e-406a-b817-f8574e82935c,한서준,Male,46,1978-07-02,안산시 광진구 13길 26
e870bca4-6349-42af-b6b9-6d22b5ce37a8,윤지윤,Female,6,2018-12-19,시흥시 영등포구 10길 48
